ref,dist,mos,dtype,level,split,vjepa2_l1_jld_k32,vjepa2_l1_jld_k64,vjepa2_l1_jld_k128,vjepa2_l2_jld_k32,vjepa2_l2_jld_k64,vjepa2_l2_jld_k128,vjepa2_l1_pca64,vjepa2_l2_pca64,vjepa2_l1_full1024,vjepa2_l2_full1024,psnr,ssim,ms_ssim,image_jld_l1_k64,vmaf,config_hash,git_commit,videomae_b_k400_l1_lens_k16,videomae_b_k400_l1_lens_k32,videomae_b_k400_l1_lens_k64,videomae_b_k400_l1_lens_k128,videomae_b_k400_l2_lens_k16,videomae_b_k400_l2_lens_k32,videomae_b_k400_l2_lens_k64,videomae_b_k400_l2_lens_k128,videomae_b_k400_l1_pca_k64,videomae_b_k400_l2_pca_k64,videomae_b_k400_l1_full,videomae_b_k400_l2_full,video2_config_hash,video2_git_commit,videomae_b_ssl_l1_lens_k16,videomae_b_ssl_l1_lens_k32,videomae_b_ssl_l1_lens_k64,videomae_b_ssl_l1_lens_k128,videomae_b_ssl_l2_lens_k16,videomae_b_ssl_l2_lens_k32,videomae_b_ssl_l2_lens_k64,videomae_b_ssl_l2_lens_k128,videomae_b_ssl_l1_pca_k64,videomae_b_ssl_l2_pca_k64,videomae_b_ssl_l1_full,videomae_b_ssl_l2_full,vjepa2_l_predictor_l1_lens_k16,vjepa2_l_predictor_l1_lens_k32,vjepa2_l_predictor_l1_lens_k64,vjepa2_l_predictor_l1_lens_k128,vjepa2_l_predictor_l2_lens_k16,vjepa2_l_predictor_l2_lens_k32,vjepa2_l_predictor_l2_lens_k64,vjepa2_l_predictor_l2_lens_k128,vjepa2_l_predictor_l1_pca_k64,vjepa2_l_predictor_l2_pca_k64,vjepa2_l_predictor_l1_full,vjepa2_l_predictor_l2_full
data/video/waterloo4k/ref/01.mp4,data/video/waterloo4k/dist/H264_01_1080p_1.mp4,13.07,H264,1,all,18.813447744633063,26.01196365940044,32.923661106145595,19.95333941052454,27.312351531928066,34.503886349479146,34.91144333936364,37.057962329592335,40.76461211730364,45.10122840713995,26.01951766014099,0.6864439994096756,0.7655256763100624,0.2925241962075233,22.457671,9958b2bcc4,6653a35,9.432009988528748,12.762384234434844,16.35073469885255,20.61888327785316,7.130371210779676,9.785920755517294,12.760503107932928,16.26560541714269,20.792042985567143,18.709481060389468,28.59511421993233,27.543667749914423,2d32247a64,ebe32e1,8.938278911234507,13.16810483361435,17.711933526973162,21.924367859447557,7.89182201408495,10.867985183980908,14.583600584941914,18.98291884124131,22.239771860173796,20.38109820326047,29.83947020195891,29.436785193185848,13.49402546250296,18.71219669317925,25.59250139444192,32.79456587645872,14.005596540902951,19.65515706188066,26.7030958573934,34.09972991388928,34.911443339363636,37.057962329592335,40.76461211730364,45.10122840713995
data/video/waterloo4k/ref/01.mp4,data/video/waterloo4k/dist/H264_01_1080p_2.mp4,32.79,H264,2,all,14.99772448763908,20.946954761679365,27.02756999991116,16.57750192346793,22.86644522371568,29.19752856207697,27.304016471770645,29.46705404116173,33.45546244223985,37.69930172382331,27.95950150489807,0.7692525088787079,0.8548154756426811,0.2323867324739694,39.875821,9958b2bcc4,6653a35,6.9330799868800685,9.838336655012352,12.984079405797404,16.957973760718403,5.342698835975723,7.556247380510985,10.172351667776304,13.374281605474158,16.728615789341838,14.817826098179143,24.43395720652936,23.617273268069123,2d32247a64,ebe32e1,6.827263539876876,10.463437545863409,14.476964147258933,18.432029921315333,5.951461659741653,8.522914992837144,11.793367584449047,15.87209197314979,18.418512013130485,16.634862742062694,25.817933921503045,25.56922507020731,10.668449958108582,14.867518811686256,20.629558822344936,26.90065105458685,11.472338538597501,16.21079119145196,22.366521241141186,28.84002998805504,27.304016471770645,29.467054041161735,33.45546244223985,37.69930172382331
data/video/waterloo4k/ref/01.mp4,data/video/waterloo4k/dist/H264_01_1080p_3.mp4,52.97,H264,3,all,12.158438007583076,17.10713712087479,22.37223295865105,13.866035864921878,19.240923636744142,24.71408094830032,21.57427789533921,23.190718517415625,27.69868577394089,31.31865018038124,29.70357036590576,0.8311617895960808,0.9077361896634102,0.1861848123371601,56.188272,9958b2bcc4,6653a35,5.12246260981693,7.569542797472348,10.296615388923062,13.870216988624346,4.041044195488092,5.861052921371909,8.112257046580872,10.957520303674748,13.56314943226582,11.807440749097877,20.881607837231307,20.258575884069096,2d32247a64,ebe32e1,5.186534607921387,8.289609813687838,11.83345304795722,15.437170295437785,4.54864489791138,6.738178267866814,9.582204525574806,13.3180563350001,15.347309453303025,13.723996907806717,22.33788336716788,22.259820806668024,8.568382330977412,11.998560938378402,16.83641223636431,22.261156692544954,9.48485914625473,13.475580169700827,18.7816825220254,24.41635692343552,21.574277895339215,23.190718517415625,27.698685773940895,31.318650180381237
data/video/waterloo4k/ref/01.mp4,data/video/waterloo4k/dist/H264_01_1080p_4.mp4,76.17,H264,4,all,9.331843927163195,13.195945783271894,17.34503861872491,11.030032125791108,15.409870828709744,19.78350614725599,15.794824302978585,17.435826922039638,21.45846768926637,24.8380432100222,31.7986159324646,0.8918272703886032,0.9492917954921722,0.1362487021833658,74.343378,9958b2bcc4,6653a35,3.3869922443911538,5.241569653185887,7.397544573320522,10.37253720570822,2.789983591950956,4.187945342224604,5.938239844556386,8.315922799668133,10.187182322036575,8.757594273457528,16.624982848194424,16.338865874209873,2d32247a64,ebe32e1,3.608654024521373,5.988539160781401,8.847201155859198,11.943664037853246,3.248994644262185,4.968783564424211,7.293831004499521,10.472694997349407,11.94762091477091,10.692731814847203,18.084075185908453,18.29721962907985,6.477670830108593,9.177919751665819,12.972030041015545,17.254406794584618,7.466419606577546,10.688222983372745,15.012479232278224,19.550866613668536,15.794824302978583,17.435826922039638,21.458467689266378,24.838043210022196
data/video/waterloo4k/ref/02.mp4,data/video/waterloo4k/dist/H264_02_1080p_1.mp4,9.13,H264,1,all,7.459555357089877,10.41096976073544,13.503893396770351,7.488965977747732,10.63648424509962,13.705991264715658,13.155656162369857,13.508925807384587,16.934484037339338,18.115814512273943,33.7140679359436,0.9686293080449104,0.9823359847068788,0.1026586191728711,74.379182,9958b2bcc4,6653a35,2.700753632642342,3.707154701034438,4.849945855575834,6.350574768516483,3.337654243791155,4.367352791321306,5.596484959492427,7.138647627887173,6.941660346691953,8.267290261292713,10.365327853709818,12.003814647261738,2d32247a64,ebe32e1,2.6650499208759597,3.936259195311567,5.339908267386965,6.826139689575634,3.453871995729727,4.699970404044773,6.049588267447851,7.471803432043673,7.410682542900346,7.943828282844676,10.992988953047584,11.685903307531518,5.179737764002441,7.356065350129716,10.251474809380575,13.454638033860011,5.203410750781918,7.402120718703666,10.41638102839166,13.602956981922665,13.155656162369857,13.508925807384589,16.934484037339338,18.115814512273943
data/video/waterloo4k/ref/02.mp4,data/video/waterloo4k/dist/H264_02_1080p_2.mp4,35.8,H264,2,all,5.825907124134921,8.122859291356043,10.40453411538612,5.97924351615122,8.587409104222939,10.92856326534775,9.824383895426376,10.511867696499966,12.988236166510102,14.3204522841437,35.850404500961304,0.9794776886701584,0.9899711012840272,0.0831362232565879,85.841215,9958b2bcc4,6653a35,2.0102421535753443,2.779745305678779,3.646350852021435,4.836120786875692,2.4051612830953526,3.226798485353596,4.211381538490432,5.457451773450943,5.365155475315441,6.342344795526381,8.257876653070193,9.575147156543236,2d32247a64,ebe32e1,1.944836623420202,2.9055822282064887,4.044389580110983,5.3062686501973895,2.5556140117824184,3.5406256922344936,4.706762687651011,5.935647575124207,5.823310315560303,6.266860859056883,8.858615270800934,9.487546739224388,3.952823408782645,5.705879486857077,7.985231924636145,10.35547406841474,4.104881004997044,5.890156613455221,8.403466483512275,10.853897865076354,9.824383895426376,10.511867696499966,12.988236166510102,14.3204522841437
data/video/waterloo4k/ref/02.mp4,data/video/waterloo4k/dist/H264_02_1080p_3.mp4,45.29,H264,3,all,4.750219070251563,6.5761070327575695,8.423480615096862,4.782860690313089,6.867087683532693,8.710367993268454,7.855761491735604,8.115248359456963,10.586343308444205,11.3646567132797,37.39333248138428,0.986936904489994,0.9950189590454102,0.0622514900751411,90.883496,9958b2bcc4,6653a35,1.418335370675128,1.9707841355579323,2.678345981147479,3.708103342460784,1.6723108792970596,2.298945188175076,3.054120364798788,4.089414586792827,4.191280139117323,4.729563871443381,6.803959699178355,7.576452766830606,2d32247a64,ebe32e1,1.3828244936148142,2.127761946251435,3.095601308213256,4.242788697245016,1.804040710341418,2.576494313870979,3.513884168470091,4.599309994942795,4.718208382956524,4.837291324658785,7.452305194864177,7.717372045417017,3.176302445964642,4.635783357439434,6.466062863007462,8.383447912759095,3.1978388361618495,4.701376415663751,6.69547541274367,8.639175459008907,7.8557614917356045,8.115248359456963,10.586343308444203,11.3646567132797
data/video/waterloo4k/ref/02.mp4,data/video/waterloo4k/dist/H264_02_1080p_4.mp4,72.47,H264,4,all,3.9985742114040894,5.453069151015788,6.919414177557042,3.958726171609119,5.66407681167373,7.1382098297591,6.516909484128152,6.709490832184873,8.692912604276732,9.307469167583996,38.06522274017334,0.9904158040881156,0.9967427402734756,0.0492156990803778,94.172014,9958b2bcc4,6653a35,1.1424156758170805,1.5482209399668496,2.1138445514170843,2.925916365596342,1.324063367926624,1.809998183249516,2.400463298693834,3.235127218743079,3.385255719785096,3.7405086884863614,5.565810011670014,6.166475256535315,2d32247a64,ebe32e1,1.1230290685154245,1.6961516970905384,2.470735023503709,3.4355111090450365,1.4491535285195485,2.0382415829034017,2.813885432322083,3.719620306290557,3.8739330991843057,3.906023659824412,6.154402557308251,6.333729407407065,2.6692339855845204,3.886587901764322,5.357569076067854,6.888515763748671,2.647357174575271,3.8978540140591456,5.5209552847390695,7.0900493161163665,6.516909484128152,6.709490832184873,8.692912604276732,9.307469167583996
data/video/waterloo4k/ref/03.mp4,data/video/waterloo4k/dist/H264_03_1080p_1.mp4,10.43,H264,1,all,16.939112794110173,23.86587142187744,29.579018943565696,15.720592595547274,22.76610481421592,28.999607938549783,31.591065969133776,34.83249532491611,38.82961359068054,43.13513011540874,27.89489245414734,0.7795101329684258,0.9002032428979874,0.2122727986425161,59.922209,9958b2bcc4,6653a35,6.100222871570541,8.087378641600614,10.615210005829606,14.11515812941001,5.570735032586931,7.330493649933689,9.436975426652708,12.345696867953444,17.53870066246155,15.635698333310868,24.51459173744464,23.52394519512692,2d32247a64,ebe32e1,5.809336293518906,8.73740993447879,12.340673096969512,16.14077413070929,5.790142375598878,7.903232511284616,10.858035898318963,14.562839651444497,20.407630161037144,17.642556854238602,26.814653145650293,25.426999485909565,11.33397566620648,16.779856021886314,23.425594795353934,29.50312465348116,11.026794614506974,15.722894262561814,22.177606918392005,28.739255937622055,31.591065969133776,34.83249532491611,38.82961359068054,43.13513011540874
data/video/waterloo4k/ref/03.mp4,data/video/waterloo4k/dist/H264_03_1080p_2.mp4,29.1,H264,2,all,13.743933778707644,19.51669115585672,24.395988387851105,13.045526016759734,19.061478884504325,24.442683692094395,24.5465697057668,26.611203913127543,31.57515784531477,34.77896053048531,29.55314445495605,0.8275950849056244,0.9318200051784516,0.1700476035475731,74.142509,9958b2bcc4,6653a35,4.561975971593463,6.28783955500864,8.58415713261169,11.880046635449514,4.16680271959704,5.728602359608042,7.636302934726335,10.225686568361684,14.475129272199936,12.493734277101806,21.09516366248196,20.26807609329409,2d32247a64,ebe32e1,4.636834609939013,7.319638313832085,10.589014778631968,13.961541109959892,4.525946268964618,6.443464053420407,9.106599047797491,12.444848578188214,17.054223173550994,14.362981299826052,23.1228473795532,21.98918141609586,9.260114835805675,13.618045606949408,19.146399300407747,24.3108807885098,9.143455523574803,13.044514662990293,18.545057328198055,24.221828496379207,24.5465697057668,26.611203913127543,31.57515784531477,34.77896053048531
data/video/waterloo4k/ref/03.mp4,data/video/waterloo4k/dist/H264_03_1080p_3.mp4,44.29,H264,3,all,11.134961586703096,15.695660478561466,19.8714540785224,10.915502083274982,15.833070846523434,20.401138810553103,19.15035890287722,21.134035063123093,25.35009919397333,28.46401036962328,30.923210382461548,0.8675291016697884,0.9508634954690932,0.1379118040204048,82.653427,9958b2bcc4,6653a35,3.547809015717715,4.984677858628524,7.004394803557419,10.02670741393386,3.299087758120699,4.59852729266397,6.247477327498763,8.551655968145344,12.055819227750442,10.274024859561145,18.122432237462387,17.588712740190328,2d32247a64,ebe32e1,3.739675072666628,6.095930012761753,9.048548436592284,12.070354948000048,3.6402530725766256,5.293393771853872,7.668472514460253,10.715825073830734,14.301637750488275,12.000609223477746,19.87535282037773,19.14448935600076,7.513152542590551,11.010373772592038,15.425588050650582,19.790102648591716,7.632205279120703,10.851835946358444,15.419267830195814,20.207508198779973,19.15035890287722,21.134035063123093,25.35009919397333,28.464010369623278
data/video/waterloo4k/ref/03.mp4,data/video/waterloo4k/dist/H264_03_1080p_4.mp4,73.99,H264,4,all,8.919847167762816,12.49552978693048,15.77246468629994,8.84373544213273,12.822874270053234,16.467338776610717,14.721036243452929,16.086912017249688,19.92363800026921,22.47676887722424,32.53723955154419,0.9086252003908156,0.969171866774559,0.1025661509484052,89.814983,9958b2bcc4,6653a35,2.4659056695951134,3.555483156802436,5.133931170160809,7.669744362754967,2.3705135748011275,3.3814561340338667,4.679133501838328,6.581240625184601,9.432851012629795,7.771063115163192,14.801999390069016,14.37858516932586,2d32247a64,ebe32e1,2.842371779555218,4.627481310459936,7.064325147444613,9.626227981706656,2.8252463997086377,4.12972185782358,6.0355958846370505,8.61247289069218,11.44704270548522,9.47338602617371,16.347753964295034,15.857151991916416,5.965411745619013,8.782683638974664,12.268429769572196,15.701583012269385,6.0878571799139465,8.761737144882886,12.472794032328938,16.32002482290811,14.721036243452927,16.086912017249688,19.923638000269214,22.47676887722424
data/video/waterloo4k/ref/04.mp4,data/video/waterloo4k/dist/H264_04_1080p_1.mp4,10.99,H264,1,all,18.18936713948053,25.41906325084173,31.903078285860904,19.578777134926508,26.642937434004995,33.27050011614667,32.850300840628904,34.5317707557594,38.95232509582828,42.56869233244699,26.017656564712524,0.7271587327122688,0.8254482820630074,0.2699411511421203,32.041795,9958b2bcc4,6653a35,8.098529803518977,10.960667210547832,14.0436543643481,17.699968021169965,7.475029703546916,9.711642447653585,12.473978270618964,15.874090213687984,18.29372185332515,17.60817071948207,25.812958572415337,26.83063368712589,2d32247a64,ebe32e1,8.070739232586225,11.811630217001325,15.669626152579283,19.73802440060224,7.859947502261816,10.702639469912308,14.313989486816263,18.474454511918328,20.345453006466336,19.185774337257435,27.96711393717803,28.441643113369544,13.043386027106767,17.92070864246978,25.01172950240379,31.874768304917723,13.895277310542069,19.253293932207814,26.141793871898315,33.0162312442491,32.850300840628904,34.5317707557594,38.95232509582828,42.56869233244699
data/video/waterloo4k/ref/04.mp4,data/video/waterloo4k/dist/H264_04_1080p_2.mp4,31.27,H264,2,all,14.91169303507698,21.068759429576463,26.967677230981074,16.474058102902504,22.624568871874303,28.686101476284904,26.79702888644772,28.222562716107984,33.13089627744732,36.48221332427743,27.866983652114868,0.7764667272567749,0.8773460686206818,0.2272363863885402,52.455211,9958b2bcc4,6653a35,6.266294143980887,8.793026016028538,11.68682961402737,15.237923702767455,5.971030154270739,7.947198874548795,10.472060633749749,13.678744646887232,15.31780776850146,14.68816306058175,22.93069373657235,23.99917640862361,2d32247a64,ebe32e1,6.352194216235742,9.727798371142216,13.366482455790932,17.269329629863115,6.210994657817282,8.765297786704785,12.097117504703649,16.05553876193238,17.46877462149917,16.30830756204733,25.093882787217744,25.588060503524517,10.552504194376748,14.62425275670578,20.73991829336436,26.925976618461032,11.561127452318393,16.128678722813905,22.182917763791504,28.439782354968,26.797028886447716,28.222562716107984,33.13089627744732,36.48221332427743
data/video/waterloo4k/ref/04.mp4,data/video/waterloo4k/dist/H264_04_1080p_3.mp4,48.5,H264,3,all,12.64188638059074,17.87678097475631,23.078100701631165,14.129712896757662,19.467276675103264,24.82833794994029,22.175012991470265,23.45319981979238,28.497043523197075,31.59950742699807,29.34585952758789,0.8186996504664421,0.911054715514183,0.189802061766386,67.509645,9958b2bcc4,6653a35,4.892027876134318,7.072542258359214,9.664860118124071,12.992293200862868,4.874359969159824,6.609424203098844,8.862543148479153,11.790900813237718,12.92248120436996,12.40433423987641,20.36540258244287,21.45260479456804,2d32247a64,ebe32e1,5.085859986636002,8.039512807024838,11.3757168051429,14.995459441561817,5.063913171644518,7.329085947893094,10.378521011548129,14.03985657990935,15.087676475017448,14.024794896983906,22.500347389082563,23.033460327254712,8.842408337947097,12.359375771620156,17.585787609381764,23.031145486374548,9.835142217091725,13.794517376135452,19.068979731663457,24.603243051151473,22.175012991470265,23.45319981979238,28.497043523197075,31.59950742699807
data/video/waterloo4k/ref/04.mp4,data/video/waterloo4k/dist/H264_04_1080p_4.mp4,77.33,H264,4,all,10.142323591218114,14.360020935340858,18.589153638495905,11.405135594105047,15.779113987560324,20.192949344934,17.109940137195487,18.02944688690165,23.06238438026785,25.646340318425857,31.23340344429016,0.8673937320709229,0.9429602473974228,0.1462193895131349,82.097905,9958b2bcc4,6653a35,3.4784888084958667,5.184010906437598,7.327428723668314,10.257924528882963,3.631371784630157,5.042968277225723,6.915272821214901,9.47555418381712,10.196386381572127,9.771649899282638,17.111436303394065,18.20295441510736,2d32247a64,ebe32e1,3.75970214790165,6.131178911673867,8.99154488448954,12.2024769629269,3.831306847902,5.726831281529045,8.324563988159172,11.589356322496414,12.310876768359153,11.398445322872035,19.156519628123878,19.735237592026117,6.957483635683379,9.881626416829603,14.105999548112242,18.54667939851837,7.833818447702092,11.11151802006666,15.433756385975535,20.003243374098073,17.109940137195487,18.029446886901646,23.062384380267854,25.646340318425857
data/video/waterloo4k/ref/05.mp4,data/video/waterloo4k/dist/H264_05_1080p_1.mp4,12.65,H264,1,all,13.34044261386822,18.82445513784057,23.866480640489115,12.709787646184669,18.50920226650734,23.840987819201462,23.078841129212524,25.210431434604534,30.80810416475773,33.785027983482955,29.305362224578857,0.8735027313232422,0.9456910640001296,0.1760207172483205,66.114827,9958b2bcc4,6653a35,4.975190792546675,6.682720758264606,8.78496806756058,11.665368652797222,5.012748844314967,6.3942408883195085,8.11055025320098,10.499631693602112,14.495324005684909,13.2732366105494,21.004483970400056,19.935368534582427,2d32247a64,ebe32e1,4.785337682904484,7.183087960173202,10.071558553403792,13.207989941935692,4.966052756781692,6.846243939552878,9.262965883798586,12.225341228879325,16.86502780843026,14.31859995023648,23.12745702938912,21.282499794804867,8.981042021465036,13.23215117343033,18.532066700325217,23.769840185184233,8.635815791043198,12.676176683932171,18.160755852417143,23.630871805001277,23.078841129212524,25.210431434604534,30.80810416475773,33.785027983482955
data/video/waterloo4k/ref/05.mp4,data/video/waterloo4k/dist/H264_05_1080p_2.mp4,33.91,H264,2,all,10.1989736246306,14.40089657959332,18.03754615275505,10.176031901078634,14.766556580235784,18.796784994491755,16.988394983559562,18.89179023575499,23.006776972266483,25.77736483805869,31.98638868331909,0.912926621735096,0.9677256420254708,0.1327331429347396,80.765371,9958b2bcc4,6653a35,3.378629604767342,4.763055152275818,6.386725488128374,8.68976917408038,3.6945813768309312,4.876031448602378,6.355308357189025,8.393734375349032,11.04810495826978,10.343329060912492,16.540845829786655,16.260635827408368,2d32247a64,ebe32e1,3.577278953376958,5.486930034642584,7.741995153722722,10.353325459767344,3.7947535455411856,5.452150317859138,7.449721096885891,9.998279614281715,13.277033596563186,11.436077091945895,18.451893299415318,17.393243117902056,6.62354546900114,10.063724230106798,14.144351160588043,17.97715650204581,6.690563569728989,9.994116578288445,14.436447831824024,18.6356314200204,16.988394983559562,18.89179023575499,23.006776972266483,25.777364838058695
data/video/waterloo4k/ref/05.mp4,data/video/waterloo4k/dist/H264_05_1080p_3.mp4,48.54,H264,3,all,8.080657473479793,11.29700504718812,14.2440064524738,8.052541334015936,11.73701201573186,14.968129569238558,13.142349873846914,13.94269659901371,18.06005827031499,19.741575544841293,34.08541202545166,0.940067693591118,0.978620447218418,0.1010604575276374,87.573206,9958b2bcc4,6653a35,2.5320124596331386,3.62095724134528,4.986038564185523,6.859479759997825,2.759140624205024,3.75661063851178,4.969899122645863,6.682052996548871,9.054464684707956,8.215232038186972,13.828681270811662,13.536880695974638,2d32247a64,ebe32e1,2.7676674041669727,4.303285900202239,6.115047991728835,8.31527543162854,2.9143863835481616,4.267194396341311,5.963288069973142,8.068907889691028,11.069760499274205,9.36287092790637,15.532292106559678,14.56174385170559,5.355871762749718,8.000293845502169,11.106093425001248,14.207294586484897,5.436300540039177,7.974942034328351,11.441641469447505,14.83359631651733,13.142349873846914,13.94269659901371,18.06005827031499,19.741575544841293
data/video/waterloo4k/ref/05.mp4,data/video/waterloo4k/dist/H264_05_1080p_4.mp4,66.3,H264,4,all,5.934811455223195,8.253466918056311,10.402894816626567,6.022359867896346,8.701506267248776,11.110888714683911,9.605230762066766,10.299037862487172,13.32548749078492,14.773504764397703,36.50861167907715,0.9648079201579094,0.9884373769164084,0.0718943495303392,92.000396,9958b2bcc4,6653a35,1.8160845810108093,2.599789579523973,3.5726612887669176,5.043523555527023,1.936106103508724,2.7069330238917764,3.604726977518667,4.976761830408629,6.77116716784565,6.03238206823221,10.650532819287342,10.504161554981176,2d32247a64,ebe32e1,1.957171459847944,3.024985200672361,4.488695927280703,6.324826169546614,2.0918693850475822,3.073930428737115,4.432365684324562,6.24314477715571,8.49658123152491,7.241702198282333,12.113129891314424,11.41486094225925,3.8876939939809527,5.901156050361055,8.117104934698364,10.370966437468928,4.047084272710444,5.977825594800998,8.513615950426768,11.014779825455953,9.605230762066766,10.299037862487172,13.325487490784921,14.773504764397703
data/video/waterloo4k/ref/06.mp4,data/video/waterloo4k/dist/H264_06_1080p_1.mp4,14.1,H264,1,all,27.315602700268325,38.346200082811535,51.301954479798,22.2615436226442,33.35106289154955,45.77373785157049,44.60213485192844,40.12750160286204,68.35826561599806,64.35016255154416,21.430808544158936,0.5777628310024738,0.8725802600383759,0.2741431929171085,46.650031,9958b2bcc4,6653a35,6.51113145693608,9.153799204222029,13.00924020441263,19.545787558430508,4.747891962183239,6.759539468415969,9.038769821928138,12.23712061137091,24.76004579678492,16.496848123235498,38.47249185319989,27.99037072953233,2d32247a64,ebe32e1,6.9798195339034805,12.131634381752608,18.65448531553994,24.919952873320128,5.256212192177166,7.807366111015332,11.521743039481771,16.16120701786132,30.80586811989101,20.7029474675466,43.6112040481603,32.516297347648354,18.096759341645498,27.113644943578958,38.00560096822644,50.92385415617263,14.713105044567929,22.051060117811478,32.681694025702654,45.21163578657652,44.60213485192844,40.12750160286204,68.35826561599806,64.35016255154416
data/video/waterloo4k/ref/06.mp4,data/video/waterloo4k/dist/H264_06_1080p_2.mp4,44.33,H264,2,all,21.353569129088964,29.212017993272184,37.88986689802176,17.670757443871405,26.14741569280049,34.91705422804672,29.71448403596195,27.50510095624594,48.42584111827791,46.36130405754368,24.273871898651123,0.7627595737576485,0.9400429204106332,0.182791069149971,65.186738,9958b2bcc4,6653a35,3.831409291103269,5.785094081176287,8.536265676922241,13.512258262483396,3.203437836419738,4.717741978579327,6.373270548181378,8.89252536086916,18.44001064987041,11.650462495849146,29.28563469267872,21.19913255608284,2d32247a64,ebe32e1,4.746121554823067,8.349622767030562,13.329440017350596,18.27712961044143,3.702233251406649,5.577847727661606,8.408342008961139,12.189215201947166,23.70892572808156,15.373867334342547,33.673843588227264,25.003798539546946,13.973692700106223,20.983945977092375,28.775738547729496,37.64449618817761,11.386107837653473,17.32511844126632,25.43585889616556,34.490952452584224,29.71448403596195,27.50510095624594,48.42584111827791,46.36130405754368
data/video/waterloo4k/ref/06.mp4,data/video/waterloo4k/dist/H264_06_1080p_3.mp4,61.27,H264,3,all,16.888864826023518,22.76671196117149,28.81906589325825,14.277838568716763,20.888213675432784,27.19282651440952,21.83452126374972,20.7282715979582,36.18321937977685,35.034016890410086,26.760193586349487,0.8598683923482895,0.9670161604881288,0.1348795965313911,75.749648,9958b2bcc4,6653a35,2.698338211786369,4.160380311761576,6.259657436632117,10.044040072322804,2.379795215295364,3.5705725410303013,4.861932651792411,6.881959305879893,14.143466794579057,8.932141064559627,22.531567194342127,16.600859015425943,2d32247a64,ebe32e1,3.556937827984989,6.20254162175929,9.998388828183565,13.911500158310142,2.8374088453363764,4.33833785416002,6.564181048932926,9.667611015714256,18.436355555301567,12.032663792363827,26.07043606983469,19.72858446088625,10.993584582725466,16.533970744141143,22.43915222375284,28.654029618731,9.14637124486277,13.936081681551945,20.254970741071922,26.890531656124306,21.83452126374972,20.7282715979582,36.183219379776844,35.034016890410086
data/video/waterloo4k/ref/06.mp4,data/video/waterloo4k/dist/H264_06_1080p_4.mp4,77.92,H264,4,all,12.310078920224507,16.544962915705796,20.82622764971313,10.880512901025387,15.634173820584383,20.100871815919074,15.74677358610939,15.15144602355215,26.013429547941254,25.55029766708139,29.54319739341736,0.92513470351696,0.9824308305978776,0.0980255119502544,84.75524,9958b2bcc4,6653a35,1.9690766896056096,2.9990312979274383,4.467244848448297,7.203291653176105,1.746767195819649,2.6496349429652017,3.6244239184950713,5.191293547291737,10.312658690185277,6.658284749397692,16.48999963051337,12.544270854451304,2d32247a64,ebe32e1,2.4911767649951755,4.374857314371583,7.149908129228563,10.129060096028413,2.1100040486825726,3.2290803723443804,4.909791470059838,7.416423361427099,13.500178335919252,9.146997978653124,19.150683043726136,15.022757877365374,8.029913943293947,12.008347627806423,16.275063655511975,20.71029771459121,6.928280090743506,10.517464282766547,15.126519875574242,19.87803204518752,15.74677358610939,15.15144602355215,26.013429547941254,25.55029766708139
data/video/waterloo4k/ref/07.mp4,data/video/waterloo4k/dist/H264_07_1080p_1.mp4,6.65,H264,1,all,17.50869589419164,22.0337113540855,26.714827614366747,17.83307703968923,23.42536836088213,28.82789217226864,28.7103559411764,31.01994543467973,32.92532870766536,36.918479811759966,27.366002798080444,0.7885467186570168,0.8218288794159889,0.2777091506868601,41.34356,9958b2bcc4,6653a35,9.0942046848163,11.79563216174075,14.11430250876174,16.563913536931288,6.908656671900324,9.330011787202674,12.326617130560308,15.51761168085579,15.171654240959572,16.198102328921976,21.91884652478992,24.6583239477238,2d32247a64,ebe32e1,8.495374037853177,11.4962724781304,14.241586376400612,16.797944869633955,7.838394951107395,10.547935466434412,13.506654865175635,16.807177810905888,15.26407705246373,16.20109323180129,22.047732589988005,24.37535760079232,13.005349195779504,17.233561215594147,21.81435961297275,26.77194825063663,12.665032473769877,17.63431611281951,23.124917602392266,28.718720312590918,28.7103559411764,31.01994543467973,32.92532870766536,36.918479811759966
data/video/waterloo4k/ref/07.mp4,data/video/waterloo4k/dist/H264_07_1080p_2.mp4,24.8,H264,2,all,12.62086026144865,16.471974066326222,20.61202419048765,13.549914589925912,18.3631652815386,23.163693939416167,21.06551088269115,23.27842353202275,25.30754828350764,29.09377425671149,30.04843282699585,0.8464247509837151,0.898931160569191,0.2264986298978328,61.07089,9958b2bcc4,6653a35,6.37401984664561,8.860672817000298,11.110303880190706,13.494676352680209,5.019211719599337,7.098406234024115,9.76277600043554,12.7279945162672,11.743320920535034,12.608233129519594,18.175286613208883,20.812152298322587,2d32247a64,ebe32e1,6.003247137381099,8.695059663810275,11.295739334448914,13.756066561926945,5.532910975840579,7.896323474845941,10.606285892711323,13.706106837995282,12.046756728961018,12.709547270448432,18.426116066907785,20.586415398568118,9.276066266897754,12.455285013031993,16.294732776849116,20.62966533261846,9.450317167580732,13.355798646389895,18.084613239096115,23.02887753983309,21.06551088269115,23.27842353202275,25.307548283507636,29.09377425671149
data/video/waterloo4k/ref/07.mp4,data/video/waterloo4k/dist/H264_07_1080p_3.mp4,47.55,H264,3,all,9.701387971698848,13.019049881930172,16.71148061560808,10.910197639318534,15.11440372513685,19.36177911370745,16.327335203498826,18.368173278290328,20.469996803108263,24.000128268852787,32.129207134246826,0.883979432284832,0.9362313076853752,0.1874499078840017,77.050198,9958b2bcc4,6653a35,4.668617567356998,6.866901066245317,8.976559897107842,11.279757879174763,3.876118098736201,5.662112554132807,7.987326418045693,10.720720160122076,9.601054936302186,10.336536346872077,15.571216639305158,18.09589706621652,2d32247a64,ebe32e1,4.469044815688944,6.850523918888017,9.266460953517145,11.61632332989974,4.194181080136595,6.253574112335025,8.714539252843105,11.611703590373418,10.03657150534682,10.565478926209902,15.909728503641109,17.969146617990322,7.028166862149401,9.573881120771276,12.86036824762567,16.70044112165415,7.463321612446713,10.691076472210062,14.828553590519679,19.219839818805006,16.327335203498826,18.368173278290328,20.469996803108266,24.000128268852787
data/video/waterloo4k/ref/07.mp4,data/video/waterloo4k/dist/H264_07_1080p_4.mp4,71.77,H264,4,all,7.1971928130857314,9.858933670153572,12.930994803269115,8.55988692347093,12.046314508483691,15.589798176201084,11.95779060611991,13.812403130515277,15.83015337013656,19.07076481990274,34.49417996406555,0.91837926954031,0.9625650942325592,0.1462507508695125,92.882591,9958b2bcc4,6653a35,3.158161094635917,4.929790006076634,6.789872308859097,8.964035975147864,2.79400393635521,4.239609076994295,6.145853607230502,8.580732550304404,7.5449888348354595,8.123590992752108,12.9082904523544,15.221566067001929,2d32247a64,ebe32e1,3.1491733666047814,5.1020759452661455,7.241531720969121,9.421279863125733,3.058799649027778,4.757788246230772,6.910250062019986,9.52976968244776,8.115506715026376,8.536736704717665,13.337192219380055,15.25128205960633,5.098139176568218,7.070785203169343,9.717256609138353,12.901688848142221,5.723967543210739,8.331658535189195,11.763400816197338,15.45013232128182,11.95779060611991,13.812403130515275,15.83015337013656,19.07076481990274
data/video/waterloo4k/ref/08.mp4,data/video/waterloo4k/dist/H264_08_1080p_1.mp4,3.61,H264,1,all,15.585581717577332,21.11414929774882,27.589713089693085,16.39890140715073,22.67644489904177,30.033740461372343,28.14918048268765,42.673511542188656,35.58379092730021,50.13186179970661,26.46158218383789,0.6221080347895622,0.7787660285830498,0.2832626234740019,25.41874,9958b2bcc4,6653a35,9.208141986590718,11.81356378841434,15.104497585837027,19.329803911962024,9.126719796095978,11.616223088082128,14.70775788273848,18.431022100892665,18.8880381741653,21.629243908355168,29.100407183967462,30.974713256592462,2d32247a64,ebe32e1,7.627979821961094,11.569265953194254,15.975108334647093,20.311971898183053,8.211206956211393,11.17011213999357,14.989105528037344,19.008481592082084,20.01621390197773,21.97187012482612,29.910793616996926,30.999573366244256,11.392808409269305,15.560830605066295,20.969050125271004,27.532086743944316,12.04675395820656,16.399218056808557,22.469311872945756,29.708465433206005,28.149180482687658,42.673511542188656,35.58379092730021,50.13186179970661
data/video/waterloo4k/ref/08.mp4,data/video/waterloo4k/dist/H264_08_1080p_2.mp4,19.73,H264,2,all,13.602375004058578,18.55034529783597,24.545662192548463,14.695192635679582,20.58361103730249,27.57584879615881,24.371198230537185,38.93949255582783,31.77215403995875,46.36823965805491,27.489983558654785,0.6432044021785259,0.8183509260416031,0.2509775068610906,45.053263,9958b2bcc4,6653a35,8.065210640811811,10.606665870727214,13.948690737193235,18.25591349489143,7.789758496195285,10.200298250737166,13.253240440997429,16.929089812469602,17.56917230783156,19.57071237974073,27.901957387864723,29.31353575741204,2d32247a64,ebe32e1,6.777336045846216,10.694519994449593,15.096916798474725,19.316560781263828,7.028943815318559,9.887085002383683,13.571530407688424,17.53540327136517,18.831536075053595,20.09780297109952,28.730102619714163,29.394046922920225,9.83014756391721,13.573770191273512,18.429416500878865,24.46876574597394,10.805270032425511,14.728699449667568,20.4052678992051,27.26466395042473,24.371198230537182,38.93949255582783,31.77215403995875,46.36823965805491
data/video/waterloo4k/ref/08.mp4,data/video/waterloo4k/dist/H264_08_1080p_3.mp4,37.56,H264,3,all,12.034333069361027,16.467961504190967,21.897452902187407,13.007785226604293,18.43847508842381,24.7360543158701,20.59190052393173,30.97016677156257,28.008981354183938,38.97263452032821,28.202423334121704,0.687967836856842,0.8641168028116226,0.2076386064291,61.378472,9958b2bcc4,6653a35,6.458861879029822,8.842958125055736,12.111652972166956,16.48467334640042,5.898298835387627,8.04416007750586,10.8479270255636,14.309894107983954,15.551621093149032,15.982281828426045,26.06907625728152,26.251194808652727,2d32247a64,ebe32e1,5.846701422377444,9.551780776318116,13.833832092179458,17.830436483144304,5.567164576223897,8.173226589368763,11.549211319917978,15.356370137186822,17.111366525342856,16.97659126205571,27.07054466159014,26.755406341404203,8.545535999136785,11.987916823410757,16.338436510231844,21.808720477113667,9.464416947701672,12.994983658936263,18.22687073408933,24.466706445160977,20.591900523931734,30.97016677156257,28.008981354183938,38.972634520328214
data/video/waterloo4k/ref/08.mp4,data/video/waterloo4k/dist/H264_08_1080p_4.mp4,83.17,H264,4,all,9.870514249226808,13.403081274906272,17.60987713833201,10.344754818517886,14.882486783365731,19.73561141851816,15.78802562330944,21.87785503829524,22.28243643021565,29.48336788654908,29.51063823699951,0.7938326373696327,0.9265147224068642,0.1426334921270609,78.736671,9958b2bcc4,6653a35,4.004289547321186,5.892607863632179,8.58860133520296,12.50773099244894,3.72622084101056,5.307678929788365,7.378127356354766,10.16064264232481,11.797118006344398,10.878940526062475,21.40261881303955,20.38005508714892,2d32247a64,ebe32e1,4.254559875658725,7.178166939293619,10.746555486234907,14.162039880104626,3.786794711374805,5.776278136365824,8.45339562058691,11.676571801058245,13.563755698019596,12.170784858590537,22.59568016492264,21.30127937522158,6.765938520325287,9.777128356682532,13.264112981708514,17.530686258918053,7.286570524743066,10.303370648302845,14.63075364878867,19.535562560995906,15.788025623309439,21.877855038295234,22.28243643021565,29.483367886549082
data/video/waterloo4k/ref/09.mp4,data/video/waterloo4k/dist/H264_09_1080p_1.mp4,14.73,H264,1,all,12.913387809432384,17.418816240648038,22.32745556798855,12.443781584350416,17.316386093103823,21.936905725151608,19.724357182576803,19.025028408194743,27.741789831879483,27.9875107567968,31.13964080810547,0.9499619379639626,0.9694195315241814,0.12191226426512,62.812133,9958b2bcc4,6653a35,3.493446170206808,4.635880192787199,6.044405706550702,8.073100846353316,3.2367783430701063,4.28298764571769,5.543204960484514,7.137067430285376,9.354387944810792,7.96575246045218,14.570048819193742,13.19549596556191,2d32247a64,ebe32e1,3.671525086307968,5.336964342276592,7.462533957757158,9.750343072186208,3.761092414090277,4.974242156021461,6.582339950250013,8.670810915985044,11.21649723227312,9.298306702719684,16.2857871149581,14.808890631297684,8.742170318504815,12.71753088804693,17.175883636620576,22.225922962501112,8.493705241890284,12.197691583334866,16.87467108511917,21.740133744348675,19.724357182576803,19.025028408194746,27.741789831879483,27.987510756796798
data/video/waterloo4k/ref/09.mp4,data/video/waterloo4k/dist/H264_09_1080p_2.mp4,32.57,H264,2,all,9.705204788397884,13.002606717438017,16.7167325808036,9.832967950745996,13.56163521395977,17.010993936822974,14.844808568854058,14.57546439633312,20.614283604022724,21.296331453278988,33.46614909172058,0.9645137041807176,0.980100966989994,0.0930048804730176,73.309666,9958b2bcc4,6653a35,2.585471174598959,3.5349240263648385,4.64294244077425,6.2473112044672,2.518310131196853,3.382279129355577,4.470000908908069,5.836090106322102,7.135909077901183,6.303737554634331,11.427283096074268,10.770388364669952,2d32247a64,ebe32e1,2.7356093563367243,4.018919561792754,5.654996216635277,7.619364954450767,2.901737814759441,3.9408099817031976,5.308525264654718,7.109255242649054,8.723168569468173,7.501160261688198,12.890523089381722,12.15120994602866,6.670112716603158,9.494110389885769,12.795099938774895,16.64898700782846,6.789274082903446,9.617118481931467,13.186367980678023,16.857503396443626,14.844808568854058,14.575464396333121,20.614283604022724,21.296331453278988
data/video/waterloo4k/ref/09.mp4,data/video/waterloo4k/dist/H264_09_1080p_3.mp4,49.21,H264,3,all,7.722653378846441,10.463129202860838,13.522258881280909,7.975479545644996,11.09707660497285,13.909875769975706,11.99438313318386,11.811687825049738,16.608092178658552,17.27025404795718,35.033902168273926,0.9724572151899338,0.9855500161647796,0.0762211442925036,80.4583,9958b2bcc4,6653a35,2.0426337530921908,2.8783849505600685,3.822966381272922,5.173973130425843,2.057047029428198,2.8126882966905487,3.766387193556826,4.9641198951926055,5.93821386764031,5.261899694377327,9.671331978931551,9.270768203220827,2d32247a64,ebe32e1,2.1899105006049773,3.273877212198286,4.705775366427754,6.462778218993117,2.3953496256375515,3.2999482994292304,4.5230694227400345,6.134660031910717,7.349629065826583,6.348238930588264,10.983133563326682,10.52610990693127,5.358668422554097,7.605078986495711,10.316319584798437,13.46428774667069,5.521926975491373,7.824542232688315,10.80741983483237,13.786682511387568,11.99438313318386,11.811687825049738,16.608092178658552,17.27025404795718
data/video/waterloo4k/ref/09.mp4,data/video/waterloo4k/dist/H264_09_1080p_4.mp4,73.83,H264,4,all,5.900903451574157,7.94604845867652,10.385604081269108,6.128581304062678,8.64566990954515,10.80695937538224,9.318015673312868,9.072854118846916,12.71165935996465,13.306833341684792,37.096354484558105,0.980258509516716,0.9906090125441552,0.0579942110925912,87.730391,9958b2bcc4,6653a35,1.4923238841737476,2.121052035559077,2.874140950586348,3.964012975988601,1.5713790093727646,2.1789606447976864,2.973394253436825,3.995013964617269,4.4991549652130205,4.143893362675176,7.569593460373844,7.590854924921891,2d32247a64,ebe32e1,1.6373858605892548,2.4640716576753787,3.58240567811901,5.011003212755125,1.8633440245044488,2.599550675002409,3.6068147190697095,4.990370925856557,5.657536797599789,5.077270541563578,8.655284207998136,8.642648401351812,4.034212384244956,5.7931508648490775,7.833215486032314,10.343138477884402,4.225194699129505,6.055759320296529,8.408887116261408,10.71680199185168,9.318015673312868,9.072854118846916,12.71165935996465,13.306833341684792
data/video/waterloo4k/ref/10.mp4,data/video/waterloo4k/dist/H264_10_1080p_1.mp4,8.02,H264,1,all,15.073269298394392,20.40481323979296,26.834537723910152,15.02009514393749,20.353844173171133,26.634507465223365,27.3515885109711,27.462092264349497,33.50854326315384,35.232575025912354,26.77448558807373,0.8326398804783821,0.8933242633938789,0.2221575919538736,39.860621,9958b2bcc4,6653a35,6.597720934662003,8.925504811219437,11.525445236906709,14.46695943673854,6.349823623370384,8.356433529147282,10.903807402073426,13.881617162418264,13.754724835188382,14.671468353323675,21.1580115617482,22.98791974479456,2d32247a64,ebe32e1,6.42606729259216,9.261821718902516,12.267067444169758,15.342034890837487,6.525081368008437,8.871808297503467,11.707873859191274,14.919391269589472,14.79675905208416,14.93026385749328,22.38735109553399,23.17560702190431,11.149713604931064,14.979066928890486,20.316774546477895,26.83596507685992,10.933815777027885,14.91238980632272,20.187091457142195,26.456168146725492,27.3515885109711,27.462092264349497,33.50854326315384,35.232575025912354
data/video/waterloo4k/ref/10.mp4,data/video/waterloo4k/dist/H264_10_1080p_2.mp4,27.85,H264,2,all,11.682805837313262,15.978309830525982,21.2054291880825,12.231094953502597,16.77690593960919,22.006665433837217,20.462552688894323,21.132258776392828,26.307639209901367,28.44175188744965,28.83750438690185,0.8757883906364441,0.9333873763680458,0.1788917873054742,58.857055,9958b2bcc4,6653a35,4.918711417603071,6.9371863629352095,9.256243531754814,11.9786700778808,5.03499004601685,6.803520374085083,9.114270918078612,11.884665199927497,11.269274582080394,12.225945112831871,18.112006535202035,20.213152480578703,2d32247a64,ebe32e1,4.92865255044238,7.412258045178143,10.118044312476028,12.960351416803707,5.106539601549587,7.247339418177746,9.810438972318712,12.81839999684063,12.452555031937232,12.60029852074504,19.398075267837264,20.382015682040368,8.464803134907033,11.563804635341612,15.861172699163836,21.17911190206244,8.756458514696709,12.070666854249371,16.563406404848543,21.8487034148909,20.462552688894323,21.132258776392828,26.307639209901367,28.441751887449655
data/video/waterloo4k/ref/10.mp4,data/video/waterloo4k/dist/H264_10_1080p_3.mp4,58.77,H264,3,all,9.83205588712398,13.476021346132216,17.881039539473285,10.492301616488383,14.503220101956863,19.02753641512239,16.57236978366649,17.376344532710498,22.05860940058879,24.25305832916482,30.18266987800598,0.9022248089313508,0.952681690454483,0.1493486296385526,74.31388,9958b2bcc4,6653a35,3.851228123014296,5.6143906889960284,7.701717720162461,10.225169833761807,4.0227691243379535,5.5787505111677005,7.674964360455697,10.259010030045289,9.609002628709948,10.383849632526369,15.997866011407435,18.047929529864124,2d32247a64,ebe32e1,3.963457678942228,6.152736513225723,8.607780073419534,11.266318079015706,4.129570798347136,6.0740092839373245,8.43806353912337,11.262664236549949,10.864782685706016,10.947278256711044,17.30383326228173,18.33124621677717,6.967058429775791,9.68270105430459,13.329656729832028,17.843284373713573,7.373145921054515,10.312036214861081,14.27065994640003,18.878775616885875,16.57236978366649,17.376344532710498,22.05860940058879,24.25305832916482
data/video/waterloo4k/ref/10.mp4,data/video/waterloo4k/dist/H264_10_1080p_4.mp4,72.86,H264,4,all,8.037340163188547,11.001096627451773,14.46129209968822,8.684252509330495,12.102401595949807,15.736302247345144,12.829524271731218,13.603472720678932,17.73194913027037,19.7894805129126,31.76047134399414,0.9300499185919762,0.9702052548527718,0.1162711232900619,89.313935,9958b2bcc4,6653a35,2.7682100919184154,4.185684778573546,5.920878505154166,8.16416944223842,2.9420569056103862,4.224003198513171,5.957477490330159,8.231416898409776,7.772407624538385,8.219554557147237,13.516474526227764,15.320442724379609,2d32247a64,ebe32e1,2.9696628371792886,4.740562022123406,6.855157933158338,9.24633386491134,3.132808789943106,4.741384296803259,6.77959006952284,9.338268496589947,9.066142488034384,9.025195088483844,14.797010926666628,15.747511470322369,5.531736815845754,7.862398934738186,10.85282096403983,14.422381258889178,5.955990479650632,8.504097876363216,11.85408112953759,15.60592048000759,12.829524271731218,13.603472720678932,17.73194913027037,19.789480512912593
data/video/waterloo4k/ref/11.mp4,data/video/waterloo4k/dist/H264_11_1080p_1.mp4,3.38,H264,1,all,19.69457362422117,26.29641050494033,33.39035532462681,19.18720118386263,25.944648290791328,33.27699285510943,35.46901806969527,36.815519302976725,42.88674134284176,45.46386944247725,25.36654543876648,0.7035133317112923,0.7783407345414162,0.3168973550200462,16.661832,9958b2bcc4,6653a35,10.378495535227518,13.75652158573947,17.10698598965547,20.66651400643027,8.339678596094164,10.94667949757848,14.145638638234772,17.702493950959006,19.09593395473276,19.25289716841186,28.08965403196084,28.472782590567206,2d32247a64,ebe32e1,9.246162262804951,13.290308584989315,17.379858504049697,20.83968207199175,8.616446579926896,11.651855622213914,15.238768897606146,19.022901385701577,19.51073859486021,19.358327127565968,28.459419270727413,28.574518926247123,14.485344880027364,19.64643534779274,26.08601558978653,33.33597314554208,13.740233195073687,19.127621639305186,25.683707298346906,32.9507218231187,35.46901806969527,36.815519302976725,42.88674134284176,45.463869442477254
data/video/waterloo4k/ref/11.mp4,data/video/waterloo4k/dist/H264_11_1080p_2.mp4,21.82,H264,2,all,14.749833025229668,20.129182890270435,26.522858531627406,15.051203120101356,20.82720908621515,27.3896548963841,26.133304061029868,27.31465856197324,33.9127157348565,36.317420928064415,27.363675832748413,0.7692198976874352,0.8704646229743958,0.256023894995451,35.987604,9958b2bcc4,6653a35,7.438096928083154,10.430099467738618,13.615662656271892,17.15187525603495,6.254872254028462,8.495453684582404,11.383044908778304,14.661659657624565,15.00953679502904,15.189697797329424,24.10471392389176,24.47714342778833,2d32247a64,ebe32e1,6.869654345833022,10.490180078457218,14.331538901263968,17.64430029588928,6.37423555615287,9.021864505414207,12.229232350334955,15.7729335513579,15.850416477640216,15.394568605142924,24.795079686074693,24.715743430607883,10.819972130004471,14.729474058635168,20.02219604025223,26.4456412403404,10.65991340380166,14.945922456249976,20.60778941315808,27.104632980319117,26.133304061029868,27.314658561973236,33.9127157348565,36.317420928064415
data/video/waterloo4k/ref/11.mp4,data/video/waterloo4k/dist/H264_11_1080p_3.mp4,43.47,H264,3,all,11.385734125558676,15.66741402175903,21.018735566078966,12.047339246144029,16.885883410351195,22.420015456018216,19.457112662714263,20.69424669596544,26.777283133251046,29.16930781440626,29.30282974243164,0.8296336680650711,0.9218063578009604,0.2020241990685463,54.63287,9958b2bcc4,6653a35,5.373909795336965,7.847951971760659,10.626289065084704,13.91054977635918,4.790580446716685,6.705511917496202,9.181143709298478,12.101998012874796,11.991849197437077,12.186175191228822,20.391683289407187,20.958082143240176,2d32247a64,ebe32e1,5.22220823638928,8.28586305933371,11.685066500186018,14.703533657447316,4.883888504489623,7.136755397725504,9.98049884948372,13.186436614783508,13.071896144148551,12.545429645294991,21.282995973012827,21.30794040087397,8.245491862410958,11.337376509123226,15.579872974519422,20.940355430727188,8.400549533443433,11.910899498488691,16.670818778046527,22.180009722006673,19.457112662714263,20.69424669596544,26.777283133251046,29.16930781440626
data/video/waterloo4k/ref/11.mp4,data/video/waterloo4k/dist/H264_11_1080p_4.mp4,77.78,H264,4,all,8.460063181160992,11.688253001062986,15.701487046784669,9.3415940262905,13.227483439055714,17.490986491889835,13.69584561587159,15.08385969616995,19.880869256708664,22.26419180557361,31.85633635520935,0.890978068113327,0.9585468992590904,0.1474845763295889,75.215261,9958b2bcc4,6653a35,3.5432269960137264,5.42879965130338,7.637528195617875,10.53519318333348,3.4181850517495613,4.968468112267013,6.95086087857307,9.473995556093268,9.249463864846945,9.374854379158757,16.37929024440688,17.194555935817476,2d32247a64,ebe32e1,3.6752819245082415,6.053080723353912,8.88659544471461,11.5515739573986,3.5401947366094237,5.356294397194607,7.745810391489753,10.583036288400605,10.429033831853964,9.917336454665714,17.372477643367375,17.62524094653636,5.9916560249428645,8.373727958070496,11.598150729067436,15.626698668651121,6.372941114768049,9.15970496914421,12.991224958648376,17.30667908791996,13.69584561587159,15.08385969616995,19.880869256708664,22.26419180557361
data/video/waterloo4k/ref/12.mp4,data/video/waterloo4k/dist/H264_12_1080p_1.mp4,9.11,H264,1,all,13.33832874100839,18.66550286388945,24.098450040242028,14.404524693643324,19.76647416654175,25.04820837135355,25.12520792860848,26.69812664932227,30.27128482769816,33.19161254919265,28.28275036811829,0.8232980072498322,0.8793492019176483,0.2002031747251749,40.509227,9958b2bcc4,6653a35,5.840058930684318,7.919749710337805,10.116778886121322,12.71398210316086,5.564027587215475,7.39636230368017,9.60206862156285,12.290531291357103,13.299031352858613,13.618763432489557,19.151914718960708,20.67863906145272,2d32247a64,ebe32e1,5.5714580112420045,8.156421644955156,10.984063633810146,14.136934083224604,5.849151338657821,7.932379475184995,10.719734747224033,13.847454772258285,14.86009030069508,14.501023026255195,21.027526253736134,21.683705330466942,9.423233921114527,13.125460262402784,18.32882566811945,24.0546500740615,10.19930217917722,14.159692947700842,19.353400859594505,24.81753219963622,25.125207928608482,26.69812664932227,30.27128482769816,33.19161254919265
data/video/waterloo4k/ref/12.mp4,data/video/waterloo4k/dist/H264_12_1080p_2.mp4,32.77,H264,2,all,11.079471221177188,15.465169472960604,20.228779399817224,12.128963609151308,16.79451970110076,21.39329424101548,20.331666700922536,21.30939843662784,25.37074499676101,27.80491174627277,29.798852682113647,0.854268990457058,0.9172386303544044,0.1645136196166277,58.49183,9958b2bcc4,6653a35,4.484911723698129,6.2333457689960206,8.221661577749646,10.657332737303852,4.258152981364807,5.849050372229813,7.781879935752842,10.221685145500478,10.998557949910484,11.06733645304307,16.580259338531807,17.91973316062077,2d32247a64,ebe32e1,4.397648660989035,6.62498486715064,9.162594208486729,12.022956526209931,4.508943372915272,6.318864258017078,8.774028211292192,11.641673692406671,12.561179798653969,11.98780481231404,18.363164606395387,18.90621569921992,7.805465216545654,10.91345265568133,15.214348503152088,20.177350684662628,8.553174307433316,11.91838756664343,16.415687622206487,21.185908525048866,20.331666700922536,21.30939843662784,25.37074499676101,27.804911746272772
data/video/waterloo4k/ref/12.mp4,data/video/waterloo4k/dist/H264_12_1080p_3.mp4,47.19,H264,3,all,9.35814810275441,13.025625812777044,17.207660461768324,10.30567502834807,14.377299846276802,18.36869272986976,16.89722538805763,17.342017009861827,21.62665009129113,23.597156647557465,30.99601173400879,0.8796095475554466,0.9411051049828528,0.1358782323077321,71.172209,9958b2bcc4,6653a35,3.482099474297824,4.951554226830776,6.665491217063386,8.890946903669601,3.3398466143679464,4.699742504431872,6.371810919498836,8.554773366836825,9.136795689461517,9.147724882886974,14.39170520219943,15.616172005640218,2d32247a64,ebe32e1,3.5276605457483017,5.437410068864452,7.681365519586908,10.242355706108894,3.628806672305809,5.18615407603553,7.319050813482118,9.924765314551257,10.68697483044003,10.11368712918065,16.096705430148,16.5928218028785,6.50287480237341,9.186247422346044,12.813279774825478,17.156487690819876,7.2022103910206114,10.113985687628936,14.038562593809859,18.191408399401983,16.89722538805763,17.342017009861827,21.62665009129113,23.597156647557462
data/video/waterloo4k/ref/12.mp4,data/video/waterloo4k/dist/H264_12_1080p_4.mp4,77.91,H264,4,all,7.658143692933997,10.547559159305775,13.985038051123846,8.399319369125275,11.876381723428064,15.101678128497936,13.44148081875476,13.58375883703628,17.56246557266282,19.21546041976816,32.47814989089966,0.9058679342269896,0.961174301803112,0.1050883354619145,83.694087,9958b2bcc4,6653a35,2.550915526146244,3.668946725877048,5.020461142530267,6.917723898536722,2.4750749229881723,3.5557425725242844,4.911208495996052,6.7864018396664445,7.243713185280171,7.202912929499592,11.899787290258836,13.05105147528718,2d32247a64,ebe32e1,2.6768034047722185,4.164792095344148,6.044135268988116,8.275988840103,2.771050449459997,4.031689952529728,5.812801435304292,8.118815019331038,8.742069069722382,8.227207053529275,13.49264901967194,14.001730948116988,5.256491961449545,7.508729797280219,10.398043217338241,13.939914169266208,5.810389002089798,8.26254269795199,11.571747211159684,14.963931205964588,13.44148081875476,13.58375883703628,17.56246557266282,19.21546041976816
data/video/waterloo4k/ref/13.mp4,data/video/waterloo4k/dist/H264_13_1080p_1.mp4,8.78,H264,1,all,22.075586085245394,30.881083889058782,42.96118008603541,19.24735985027699,27.57826705766352,38.867758514963775,41.29932704866814,41.0264708502304,57.40133268822916,57.42521992808615,22.36941814422608,0.4015115834772587,0.7286682352423668,0.3442055583000183,25.869151,9958b2bcc4,6653a35,8.755811614145196,12.699025974318312,17.16241838917843,22.719826695090163,5.997025149693565,8.085658767982343,11.02880361084596,14.516997470582996,20.344727195322616,16.374078972226826,35.209184540761385,27.700411780426226,2d32247a64,ebe32e1,8.155610538130441,13.534727429399336,19.4339377521375,24.68861174192774,5.7100691024219845,8.481368176642617,12.33788706936588,16.732206088291367,23.0932833530217,18.68081208548868,38.13997148565738,30.877552374850264,15.708086465502882,22.170733324998814,30.92866615021642,42.714311124937154,13.583292479346374,19.334430378448754,27.4603568350771,38.358554360493734,41.29932704866814,41.026470850230396,57.40133268822916,57.42521992808615
data/video/waterloo4k/ref/13.mp4,data/video/waterloo4k/dist/H264_13_1080p_2.mp4,41.68,H264,2,all,17.301211591421218,24.115471653131284,33.629258917777044,14.944079813394875,21.67688185674429,30.44263679663501,28.91367474852304,27.55927602030184,44.434767154836,43.470974588958406,23.991101503372192,0.6056951880455017,0.8579404875636101,0.2379740849137306,50.673149,9958b2bcc4,6653a35,5.201630271683256,8.04991291070115,11.593905506993332,16.633634920514076,3.900929176464092,5.417416369079157,7.485206541882454,10.28258169529888,15.175992145815814,11.303209525866196,28.446351402984703,21.567837969394898,2d32247a64,ebe32e1,5.814376507639676,9.99568889196066,14.941682621014246,19.441135078855268,4.048268788811138,6.157339396641586,9.147955200095623,12.811831870918065,18.398515458964347,13.771346151447869,31.667971881938293,24.79948733630505,12.027489131335033,17.240730946616168,24.094943678759,33.40646604890965,10.26997689680047,14.90581443038279,21.476196685595173,30.04872954820116,28.91367474852304,27.559276020301834,44.434767154836,43.470974588958406
data/video/waterloo4k/ref/13.mp4,data/video/waterloo4k/dist/H264_13_1080p_3.mp4,65.3,H264,3,all,14.602303589719764,20.127402878890507,27.386091798334725,12.488451085801673,18.22011313728857,25.02053310225806,22.43168594561704,21.53363821130741,35.76909058372219,35.13371890855995,25.616740703582764,0.7355792000889778,0.9148799329996108,0.1824527475982904,69.008349,9958b2bcc4,6653a35,3.7771523080970977,5.967771439949142,8.780383681601299,13.052205021507358,2.953237349779947,4.200413165887394,5.815310977777953,8.153657815527033,12.33330795354208,8.963195197092068,23.718510602665173,17.93979919797521,2d32247a64,ebe32e1,4.483925002644062,7.818006451789261,11.930527852955992,15.817641436356144,3.1581116464326136,4.890300679041122,7.398208276244996,10.58356208754295,15.38166918751078,11.32785913615819,26.74509877019599,20.983773547406063,9.891134577395528,14.411444730744206,20.030323596307742,27.210512300860728,8.378558897274571,12.37840909913554,17.94377085100887,24.725547347842284,22.431685945617037,21.53363821130741,35.76909058372219,35.13371890855995
data/video/waterloo4k/ref/13.mp4,data/video/waterloo4k/dist/H264_13_1080p_4.mp4,78.66,H264,4,all,11.752923033727862,15.858186724264556,20.7208652250882,9.940448779331309,14.537692309326951,19.21107560426544,16.298375939278632,16.14056910517155,26.459902098597848,26.429995795201613,27.81233143806457,0.8541187569499016,0.9571304619312286,0.1299845390021801,86.963498,9958b2bcc4,6653a35,2.601097214247862,4.088692766382024,6.07557703268256,9.356865853813565,2.113813971256973,3.075581947557116,4.245285111592735,6.062977644204499,9.30714359745591,6.677341017806768,18.258036477017285,13.93686712222281,2d32247a64,ebe32e1,3.1519352531233724,5.516654202234914,8.6115539341212,11.730395824651568,2.328569139448958,3.6298568515295657,5.586135839395639,8.204949893507843,11.867650779536126,8.813267018371189,20.82400304782419,16.613688815759566,7.712126759009715,11.467045254519652,15.704626696697288,20.594181594609623,6.464152337755448,9.758706387089749,14.206893572010408,19.00746108677674,16.298375939278632,16.14056910517155,26.459902098597848,26.429995795201613
data/video/waterloo4k/ref/14.mp4,data/video/waterloo4k/dist/H264_14_1080p_1.mp4,7.29,H264,1,all,25.10889446223634,36.17371861021231,49.02968056612255,22.205261084763883,32.10279084429695,43.62751321193562,56.74896481279829,50.761171511334574,72.04368389328808,67.77630397396345,22.06867909431457,0.5577363036572933,0.8139857351779938,0.3342492207884788,40.972896,9958b2bcc4,6653a35,9.291930760848592,12.504304373640796,16.689874372975172,22.702456921949413,6.330338305311367,8.69386821038447,11.389701230197357,15.150077837249928,26.23318291523653,19.837164319184293,37.74467521654079,30.71860619760657,2d32247a64,ebe32e1,8.63622062692466,13.772018974076184,19.91895859857165,25.78597509375289,6.832284703469008,9.80708435671438,13.928570337260556,18.899477213738923,30.18337333700421,23.15705365679582,41.43583461815304,34.51099342227325,17.26245485779138,25.31609207850693,35.984686879551084,48.77145054668494,15.6312176349828,22.18048853165064,31.71704686294963,43.15008682118474,56.74896481279829,50.761171511334574,72.04368389328808,67.77630397396345
data/video/waterloo4k/ref/14.mp4,data/video/waterloo4k/dist/H264_14_1080p_2.mp4,26.16,H264,2,all,20.114828441778656,28.665025205709227,38.47940503459488,18.151091113540826,26.238654745787795,35.24446809256638,41.74095905658933,36.53222529640676,55.78785986966959,52.21403616375357,24.246647596359253,0.7214370369911194,0.9058467820286752,0.2426897846162319,59.29094,9958b2bcc4,6653a35,5.788628174503387,8.299200475630077,11.63928513976517,16.842710048865687,4.261681225241712,6.106402871786487,8.2057522009007,11.290548154229972,19.67531506529695,14.351101854933772,30.087958518363028,24.45005206705178,2d32247a64,ebe32e1,6.257927939961086,10.28603532267422,15.428059830584932,20.295939106027014,5.034791233276714,7.3736850730105585,10.749854774381284,14.999897257135109,23.755538937014,17.743712265227135,33.77458821122607,28.16868325262158,13.587093363329876,20.17339841023244,28.442512757884487,38.238114249367165,12.584408686753592,18.025971220096142,25.806962941087736,34.871365921840265,41.74095905658933,36.53222529640676,55.78785986966959,52.21403616375357
data/video/waterloo4k/ref/14.mp4,data/video/waterloo4k/dist/H264_14_1080p_3.mp4,53.59,H264,3,all,16.94971653298975,23.881882000217537,31.5044447169962,15.445452414049198,22.25897952843339,29.461582448895484,33.21826412674567,28.90954900938064,45.63402629035433,42.72729531735795,26.16161847114563,0.8135956078767776,0.943715363740921,0.1877947207540273,73.219449,9958b2bcc4,6653a35,4.189181716059211,6.225280936156201,8.969160170264052,13.398398992633258,3.281508771592564,4.780929729231694,6.494150574181759,9.097318283492772,16.03667228864086,11.449632682072483,25.21539609556724,20.57919811558668,2d32247a64,ebe32e1,4.941952448274576,8.181973025995259,12.493477683751609,16.714595556589497,4.080899854773111,6.010675787229706,8.855245606749673,12.59972714931004,19.87062619624525,14.757552266287655,28.645440678535223,24.091478055120884,11.329931833275948,16.944860569303447,23.644520037194805,31.308471420534566,10.607893692899337,15.272455785864995,21.832028978517954,29.168315978874354,33.21826412674567,28.90954900938064,45.63402629035433,42.72729531735795
data/video/waterloo4k/ref/14.mp4,data/video/waterloo4k/dist/H264_14_1080p_4.mp4,71.62,H264,4,all,13.144644286986106,18.3273774732002,23.602052230830186,12.283205531855982,17.639009792016985,22.802495063653225,23.264132480642907,21.098141271069217,32.68513588169675,31.478354631440546,28.770930290222168,0.8936548233032227,0.9711431488394736,0.1371003929525613,87.126876,9958b2bcc4,6653a35,2.8633111012816577,4.373731429242406,6.39029825210009,9.822649329475908,2.382451302089734,3.5273357234960674,4.84272341770649,6.922526722832677,12.102343598702472,8.612812553680643,19.578911865204343,16.250472604774917,2d32247a64,ebe32e1,3.559621819436161,5.954731561742486,9.249497786626558,12.676854069103875,3.0344142522345434,4.554575059919468,6.808706084576024,9.929730767156546,15.334674707425924,11.530464373035326,22.48227832978021,19.290935538205733,8.63831617195279,12.994760998197256,18.086480928829577,23.474726295703707,8.3233146874684,12.060429054333406,17.220241364350397,22.587522880572166,23.264132480642907,21.098141271069217,32.68513588169675,31.478354631440546
data/video/waterloo4k/ref/15.mp4,data/video/waterloo4k/dist/H264_15_1080p_1.mp4,5.55,H264,1,all,13.117024205402952,16.916043080579698,20.67431709241079,17.584110146428326,22.08363311372168,26.189109297583627,23.020592883020868,27.13753364100539,25.576360773333544,31.99434862301521,26.118751764297485,0.7819288522005081,0.8202411830425262,0.1939611975103616,7.755348,9958b2bcc4,6653a35,6.925668834929335,8.976506298609694,10.613622340511826,12.511746456843248,8.503596610800273,11.183177816349096,14.18332089618955,17.160778511100702,11.85060392361892,17.298566754457518,16.83416973843589,24.820403178442323,2d32247a64,ebe32e1,7.32403932071883,9.57310309382497,11.909428890509734,14.25112857030431,9.469976364637969,12.3451515657523,15.39404717366456,18.399542578940864,13.416087669215772,17.69719050464826,18.825980492497763,25.138781814862348,9.77546274499651,12.761654557369353,16.68951666715522,20.599461320667107,13.269611671704892,17.17993857775756,21.694040153319254,26.04452326454905,23.020592883020868,27.13753364100539,25.576360773333544,31.99434862301521
data/video/waterloo4k/ref/15.mp4,data/video/waterloo4k/dist/H264_15_1080p_2.mp4,25.41,H264,2,all,11.387042200326716,14.746439099846723,18.124226415502548,15.563989468424149,19.641543662012868,23.43494501047619,19.96072565552336,23.56005895299612,22.519354909055888,28.40302106343241,27.19603967666626,0.7955537289381027,0.860890232026577,0.1771521624177694,24.196142,9958b2bcc4,6653a35,6.06781064276061,7.954147662830648,9.55569614878683,11.380665761918731,7.360400733818937,9.87574557616384,12.827888217092848,15.735799715455729,10.474166607536684,15.502685252748195,15.508662049207164,23.192844566654983,2d32247a64,ebe32e1,6.444383755440157,8.601937489386888,10.816625701011668,13.059440656078412,8.192149756601287,11.01960221585178,13.945588711265804,16.94171349174507,11.967836310269366,15.940525321297317,17.42682925546612,23.51663001057854,8.490070152756717,11.071784611439869,14.5375329657695,18.04970062726151,11.742531898914889,15.194562612039592,19.306934134876943,23.311594518508624,19.96072565552336,23.560058952996116,22.519354909055888,28.40302106343241
data/video/waterloo4k/ref/15.mp4,data/video/waterloo4k/dist/H264_15_1080p_3.mp4,35.85,H264,3,all,9.800124996711617,12.765090763114523,15.858753571761357,13.213009573097258,16.739078946952535,20.143137843872925,17.617628409203395,19.93198598350355,19.97023179073991,24.62739713977852,27.70417046546936,0.8081285730004311,0.8956221044063568,0.153972977772355,41.31976,9958b2bcc4,6653a35,4.969808909505487,6.672676002608089,8.208500290800895,9.95921319136468,5.878935956404649,8.067361238490248,10.887618537896971,13.689888454007896,8.890603975562795,12.938115644319357,13.846507398460457,20.738800979283965,2d32247a64,ebe32e1,5.378625401164752,7.360237281643986,9.43087075939091,11.556763664288196,6.700032123090116,9.266234611026054,11.971822877042058,14.879066232075068,10.299267179845057,13.53902284293907,15.638306528785552,21.15977108389876,7.327694975836878,9.504047234395363,12.56016306230669,15.769176616182081,9.976809218544151,12.88476814153189,16.465002281357936,20.032072386619994,17.617628409203395,19.93198598350355,19.97023179073991,24.627397139778516
data/video/waterloo4k/ref/15.mp4,data/video/waterloo4k/dist/H264_15_1080p_4.mp4,65.8,H264,4,all,7.955637386976781,10.47987621678348,13.25802865692324,10.010993112618303,12.821662938639626,15.68184331909497,15.18673829731335,15.5303234537784,17.148818610959385,19.75221616648493,28.160054445266724,0.8267369568347931,0.9324885234236716,0.1207660119980573,64.141097,9958b2bcc4,6653a35,3.4773707618255605,4.87990084086186,6.267298391726348,7.887063792117146,3.789238632670335,5.449467019608962,7.824248764734694,10.362079664294097,6.84606765451304,9.28200032190751,11.422853733195272,16.704262419068012,2d32247a64,ebe32e1,3.933290274769615,5.550830516019384,7.410859070116973,9.337875356623812,4.552170439118807,6.591487586783424,8.929832477343867,11.58284536655754,8.123529800034486,10.134625274927329,12.999859148876384,17.31660875390912,5.9480896327250035,7.673656497627393,10.259136082600518,13.140065656407959,7.531333226420732,9.743973409992263,12.596519752514514,15.575837819693694,15.18673829731335,15.5303234537784,17.148818610959385,19.752216166484935
data/video/waterloo4k/ref/16.mp4,data/video/waterloo4k/dist/H264_16_1080p_1.mp4,5.95,H264,1,all,27.93602077997228,38.16166070039549,49.39338361161839,25.08381321174473,34.525884233845574,45.04995226926318,48.64392662913214,44.102122311548825,62.07539557931246,59.54422353918779,21.498016357421875,0.6802918612957001,0.8301554918289185,0.3438282459974289,39.630149,9958b2bcc4,6653a35,9.59097006218368,12.901194619155172,16.528141356813702,21.04876578149113,7.107022275538469,9.552176444217944,12.53158226428853,16.077078352393478,20.68167290345956,17.64498633911953,32.04053016766878,28.270253036116856,2d32247a64,ebe32e1,9.374191401896596,13.62324253611731,18.33350456620215,22.96405811786058,7.960217653921835,10.936486813074891,14.668531985586784,19.014723243113664,22.885658490919337,19.599044644174764,34.72652723827653,31.184578737731968,20.154902734013113,27.878999158061177,37.78949132095952,49.21177188876296,17.55603690366067,24.82970241483529,34.06553919121468,44.60621328824064,48.64392662913214,44.102122311548825,62.07539557931246,59.54422353918779
data/video/waterloo4k/ref/16.mp4,data/video/waterloo4k/dist/H264_16_1080p_2.mp4,22.48,H264,2,all,21.4702908380831,29.60511479390764,39.07990374019329,20.104798881854897,28.033792812045803,36.968119727958886,36.45351177195158,33.76730366514278,49.328605390933696,48.34924072174392,23.46873712539673,0.751917228102684,0.890930138528347,0.2791397720575332,58.559476,9958b2bcc4,6653a35,7.093994808594122,9.908869640657404,13.090313153116517,17.27150878076275,5.488730176708727,7.561830443700205,10.163608174355511,13.346337596852011,16.536001521331468,14.16815439528049,27.269196914133666,24.335018447984982,2d32247a64,ebe32e1,7.234098721660342,10.947885999022606,15.20898801187031,19.39605779412097,6.210887942326363,8.840844961149086,12.181458917571147,16.15033606306541,18.898859871681758,16.085284330530765,29.975993533050023,27.14288809064664,15.357588049940327,21.34864145642322,29.34734883852539,38.92390902735395,13.90858210178713,19.834587997800217,27.637282458915298,36.597920793352245,36.45351177195158,33.76730366514278,49.328605390933696,48.34924072174392
data/video/waterloo4k/ref/16.mp4,data/video/waterloo4k/dist/H264_16_1080p_3.mp4,43.0,H264,3,all,17.019342974343054,23.58157572133331,31.27202910073391,16.3663831563247,23.062595853115297,30.418762455332807,28.03404686284698,26.53194833651947,39.44305487201415,39.348089025839,25.3625590801239,0.8107187896966934,0.9277011081576348,0.2262578010559082,72.060969,9958b2bcc4,6653a35,5.28298856119726,7.639423361681903,10.388486300763686,14.138588369823507,4.337615573343718,6.088023209068933,8.338172991813023,11.181305902127038,13.43330701126536,11.583342577338248,23.074739676646832,20.972641335089687,2d32247a64,ebe32e1,5.596596084367008,8.755161506910364,12.525626273877744,16.31362215472109,4.949274269039491,7.237060048595193,10.210360054669174,13.82866561608739,15.7439308583168,13.46454046542504,25.66911456172208,23.60642493124844,11.975111423682835,16.843615812711956,23.325196109777306,31.130751358018106,11.153170505216012,16.063314632434704,22.66548614606686,30.1095356484103,28.03404686284698,26.53194833651947,39.443054872014145,39.348089025839
data/video/waterloo4k/ref/16.mp4,data/video/waterloo4k/dist/H264_16_1080p_4.mp4,73.64,H264,4,all,12.856383039335984,17.811257516459275,23.47665901862439,12.69409887528426,18.009293700098734,23.523866424653527,20.31991094524664,19.69474906070054,29.39197520552053,29.88083084217786,27.8608787059784,0.8731493577361107,0.957631878554821,0.1682551726698875,85.033618,9958b2bcc4,6653a35,3.62710326114609,5.414279245328867,7.593078489400561,10.705813283302946,3.1028528964321085,4.476858425511779,6.296671218035729,8.698641322361931,10.285558661539998,8.835339945074997,18.335610866684867,17.056790189481525,2d32247a64,ebe32e1,4.033498683934431,6.492794260988195,9.568682099642745,12.79452124108019,3.6524302589656616,5.505806567103585,8.000845655806536,11.115596483144142,12.415074013755568,10.640616664799186,20.67310535463074,19.416012481452817,8.847532561997605,12.647770242603245,17.58417788582014,23.37133205419205,8.462990945749219,12.37835539979219,17.610250483415136,23.285046650629084,20.319910945246633,19.69474906070054,29.39197520552053,29.88083084217786
data/video/waterloo4k/ref/17.mp4,data/video/waterloo4k/dist/H264_17_1080p_1.mp4,16.15,H264,1,all,17.311427444671313,25.31293635992998,33.87573601743077,17.114150237046,24.94694351708695,33.549300398830624,32.92517774297868,33.00941633492572,42.50745317517215,45.10388873266466,25.69777083396912,0.7539960294961929,0.9022317230701448,0.2522807978093624,65.273209,9958b2bcc4,6653a35,6.552212235274925,9.226510534697344,12.675579879407326,17.152877281542143,5.047385458626728,7.0616606154456045,9.440749360584672,12.58197493305174,19.114179953771902,15.626060571916147,27.0648399557177,24.35423732602649,2d32247a64,ebe32e1,7.00895781923115,11.07729526958192,15.510610025437622,19.60237887990804,5.9715249366702725,8.510111432494602,11.89068924313809,15.983585222557938,21.769679757786783,18.072247788715124,29.303909962650398,27.139531756461107,11.980906515515958,17.336807153522887,25.047148152728223,33.71261832245121,11.810179790320193,17.011152087648888,24.503895196922823,33.15642418847093,32.925177742978676,33.00941633492572,42.50745317517215,45.10388873266466
data/video/waterloo4k/ref/17.mp4,data/video/waterloo4k/dist/H264_17_1080p_2.mp4,30.96,H264,2,all,13.415786090330627,19.68970498952341,26.395361250038224,14.068190987122206,20.53078243007709,27.449475848642983,24.070129928713644,24.689994125890824,33.09698741376168,35.94404608774192,28.16296625137329,0.8302500024437904,0.9442811980843544,0.1880925614386797,79.475304,9958b2bcc4,6653a35,4.505254406408614,6.622342728374257,9.461893249167556,13.479523494346658,3.799446224342628,5.457360816784929,7.393676966405628,10.163524381802656,15.344070524453391,12.433994930313547,22.672931796366253,20.70542458484659,2d32247a64,ebe32e1,5.029737754682111,8.361716254532528,12.27863413977715,16.032545665709836,4.4768326496409525,6.615697339382744,9.571547472933064,13.361522551026578,18.03652342798257,14.971649398807909,24.8651427094326,23.42247304731812,9.120139565069184,13.351007993555008,19.404275053460303,26.263591916871853,9.542987637651438,13.840128198812694,20.053942605225334,27.12838344303659,24.070129928713644,24.689994125890824,33.09698741376168,35.94404608774192
data/video/waterloo4k/ref/17.mp4,data/video/waterloo4k/dist/H264_17_1080p_3.mp4,49.99,H264,3,all,11.229335073554124,16.308747894106865,21.59828750038342,12.187937136904557,17.759541915278316,23.391218138406884,18.793768698223467,19.955293183606727,26.97245542104815,30.05630816420117,30.210326194763184,0.8790008574724197,0.964502550661564,0.1465485682711005,86.618039,9958b2bcc4,6653a35,3.3129452550085805,5.059050856745411,7.392094568842824,10.87224460641303,3.028756974669206,4.418320673005049,6.019455519985182,8.45424121531154,12.71286271889701,10.246409927242553,19.38650850162413,17.973057716493873,2d32247a64,ebe32e1,3.8384017332218607,6.557847962682354,9.918596678271738,13.336933619477954,3.621642777878653,5.403318834330461,7.987951295189376,11.432531935035986,15.325496965474546,12.821162203212658,21.4613193051676,20.580130581455403,7.538361480219526,11.119454662686675,16.031497291605877,21.490747013164476,8.141186451358605,11.948777469045138,17.2966551176601,23.128842668618272,18.793768698223467,19.955293183606727,26.97245542104815,30.05630816420117
data/video/waterloo4k/ref/17.mp4,data/video/waterloo4k/dist/H264_17_1080p_4.mp4,77.51,H264,4,all,9.06617862098457,12.844492053200716,16.64842306464942,10.227194560359134,14.67555510788636,18.8467573862734,13.780765585484367,15.406070174276168,20.58904781116669,23.707616472272928,32.75451135635376,0.9240562170743942,0.98014834523201,0.1062774201855063,91.684227,9958b2bcc4,6653a35,2.2900060590305715,3.558201421724072,5.317130101892071,8.132349446331142,2.246187642664302,3.322465337797811,4.580764009893673,6.597578519156613,9.940850274928076,7.9889323148783635,15.690106483132176,14.869724716686065,2d32247a64,ebe32e1,2.7242783102619605,4.764442547295934,7.449136974603994,10.393366401828557,2.771876656188814,4.178286223057851,6.270118110736759,9.291757203988178,12.3442415936278,10.500850915489698,17.557294786925045,17.253356662294237,5.920409169619763,8.878046587416824,12.628812157716679,16.583021010839587,6.6943392853064205,9.948362399728929,14.26150362912515,18.648725107098265,13.780765585484367,15.406070174276167,20.58904781116669,23.707616472272928
data/video/waterloo4k/ref/18.mp4,data/video/waterloo4k/dist/H264_18_1080p_1.mp4,22.05,H264,1,all,18.36846584477988,26.41815697189621,35.394470464024614,19.04680560305113,27.52164730819434,36.5020028178838,33.52561051440778,34.956021062304856,46.31582559648045,49.42507936725023,25.30630111694336,0.6622600182890892,0.8598009794950485,0.2733831573277712,42.842881,9958b2bcc4,6653a35,7.711635306804147,10.138029215930317,13.218722945381778,17.86632476711996,6.107911171144192,8.275336893144463,10.68942818899259,13.900662995039486,19.96858427787869,16.891618697642997,28.9851320234697,26.20102286052948,2d32247a64,ebe32e1,7.160983872851338,11.074935346289816,15.789154973578006,20.46229220723493,6.7008297420676,9.3039363426563,12.936132054640414,17.28659819197465,22.830690838941987,19.41765766589102,31.423543755802772,29.045339723328333,12.566348003694763,18.20648403364333,26.12372129678484,35.16850947271884,12.864959653634692,18.723085439511408,26.957113325842304,36.023850064054784,33.52561051440778,34.956021062304856,46.31582559648045,49.42507936725023
data/video/waterloo4k/ref/18.mp4,data/video/waterloo4k/dist/H264_18_1080p_2.mp4,47.14,H264,2,all,15.265689595924297,21.46773556640572,28.29935862754612,16.03800539452809,23.076867319186416,30.19361148992759,25.51220156893644,26.95379584762976,36.39023588241941,39.449953848421394,27.40972661972046,0.7556043863296509,0.910978063941002,0.2128489799797535,60.004264,9958b2bcc4,6653a35,5.596091978932119,7.642418711301422,10.26460653562706,14.300951633933613,4.613124331164289,6.409410041553339,8.498036746889435,11.367174705681697,16.276807123927473,13.633989360915413,24.33657210059925,22.35778564093209,2d32247a64,ebe32e1,5.505285974085599,8.773795252203803,12.854425045406964,16.931888115152514,5.178692326520366,7.496001258426589,10.640822488573775,14.550957554510765,19.05942327965812,16.16357261833559,26.62347622661549,25.063189870419784,10.317622074470767,14.991987122692004,21.168394583913393,28.127200163508736,10.728473757001183,15.692155853819964,22.501664672305967,29.824646208871865,25.51220156893644,26.953795847629756,36.39023588241941,39.449953848421394
data/video/waterloo4k/ref/18.mp4,data/video/waterloo4k/dist/H264_18_1080p_3.mp4,70.04,H264,3,all,12.802646402133869,17.912562138196098,23.32554625498108,13.66449117015372,19.65438043045317,25.45439865082357,20.24663525165779,21.557084440083376,29.568321122675734,32.45673883232699,29.157464027404785,0.8198215588927269,0.9393206834793092,0.1706642098724842,71.693884,9958b2bcc4,6653a35,4.297540425881054,6.006457430207999,8.212421954522968,11.710877401186268,3.680176785410586,5.197962906605672,6.981645481720697,9.513993923662454,13.503140049020882,11.193193233749984,20.68660621210514,19.293143241295606,2d32247a64,ebe32e1,4.361272938810963,7.005227929599585,10.468866057250814,14.080567684650411,4.17419174959538,6.077351185001759,8.773364806447299,12.311765968401168,16.062808794548957,13.64224656506996,22.74717829046545,21.77622317044091,8.583958738807352,12.528520814880698,17.626341477874906,23.185389749172753,9.076013578869617,13.311627139995238,19.135857784839985,25.159315218680916,20.24663525165779,21.557084440083376,29.568321122675734,32.45673883232699
data/video/waterloo4k/ref/18.mp4,data/video/waterloo4k/dist/H264_18_1080p_4.mp4,84.03,H264,4,all,10.204188012541728,14.095782554204987,18.06187664923113,11.14827470988036,15.93224664012295,20.26270357249729,15.002167926527404,16.29200597281268,22.47258495556221,25.16871491574916,31.27176070213318,0.8824012503027916,0.9638757109642028,0.1261469880118966,83.550593,9958b2bcc4,6653a35,3.0101574364864527,4.350408212647257,6.09634234723153,8.858014656595666,2.67279753457916,3.863884256820102,5.325567106933521,7.409872014411484,10.34919166909838,8.562545414268179,16.47160954414387,15.732099260542272,2d32247a64,ebe32e1,3.2228059398680897,5.258092909614909,7.97489109144317,10.973283401443638,3.1403044067272448,4.66933725639226,6.870295735786187,9.914610454546011,12.630081249528445,10.889518955279549,18.238397228193303,17.93117206884969,6.758395554632021,9.956981013797236,13.843277279466074,17.96108850761607,7.282027403625121,10.774016809413919,15.456655070191037,20.043764582201344,15.002167926527404,16.29200597281268,22.47258495556221,25.168714915749153
data/video/waterloo4k/ref/19.mp4,data/video/waterloo4k/dist/H264_19_1080p_1.mp4,16.74,H264,1,all,28.55801443191485,40.91914023531844,53.51244287984572,24.340920201807325,35.547343961535674,47.193814735534914,47.86701360876077,41.605136656910936,67.77492388499738,63.27180195672921,22.125459909439087,0.6657521426677704,0.8921864554286003,0.2859203070402145,52.273352,9958b2bcc4,6653a35,6.624056586984445,9.491370899882854,13.297424878809911,19.10903124371412,4.9253808024397205,6.87651523885021,9.07973097024548,12.32554121705554,23.97353119393332,16.321320118712226,36.34254754029703,27.57952894576188,2d32247a64,ebe32e1,7.31494680045046,12.028287369228554,17.83141941721458,23.92632540835276,5.615572998451439,8.216817940589083,11.772728425906584,16.619031537480588,30.04898725634253,20.961916041557384,41.72641421436158,32.67470275230016,18.933067180661237,28.312231875196325,40.353771569492885,53.26927817527147,15.929446710148317,23.91750438787038,34.703232065556925,46.72807540447027,47.86701360876077,41.605136656910936,67.77492388499738,63.27180195672921
data/video/waterloo4k/ref/19.mp4,data/video/waterloo4k/dist/H264_19_1080p_2.mp4,49.34,H264,2,all,23.017110845251576,32.52219982481678,41.31028605428337,19.965550699183822,29.07269252762228,37.63945707961324,34.29756926439961,30.53394517354952,51.09668482946349,48.55538310920671,24.565258502960205,0.7998074665665627,0.9414499700069427,0.2069653961807489,69.983754,9958b2bcc4,6653a35,4.295561419754238,6.381505638628774,9.23668108705542,13.801320725971408,3.492544663702768,5.015177056105124,6.752407068646197,9.384709276869728,18.179650149698418,12.160116527086885,28.680412131611053,22.100665314615146,2d32247a64,ebe32e1,5.308216365062493,8.757091318973181,13.291654644584998,18.242317463904016,4.211940355791525,6.246249179683537,9.128557791892666,13.205619621486996,23.667829010408155,16.521435483307048,33.496125979394115,26.655581538594213,14.948954256666916,22.64630497988454,32.009312585935376,41.13650583638282,12.842502431306762,19.489120089151413,28.28480141612987,37.28961553349326,34.29756926439961,30.533945173549522,51.096684829463484,48.55538310920671
data/video/waterloo4k/ref/19.mp4,data/video/waterloo4k/dist/H264_19_1080p_3.mp4,64.95,H264,3,all,18.928856113894405,26.289898151419525,32.8906980681344,16.892434107104464,24.157478251944347,30.719844763681465,26.487297252474946,24.359388389363502,40.22719785803835,38.950608105986895,26.64147973060608,0.8699192404747009,0.9626318365335464,0.1621901337057352,79.143339,9958b2bcc4,6653a35,3.1788447057466938,4.823407531981304,7.093475975087896,10.775207860937586,2.74130417380181,3.991203619845491,5.409879072780421,7.6287976172741105,14.587169070114411,9.738622874401038,23.37877571496557,18.34089516255326,2d32247a64,ebe32e1,4.028271691231195,6.781353119096882,10.437970864645065,14.71238243555175,3.3244268260343466,4.973161262705041,7.440031310087382,10.999930424903704,19.38475096425768,13.70626582794041,27.570459163856142,22.369671064472872,12.181769055522375,18.498577166304827,25.858099389091095,32.74710839005722,10.753842709398983,16.376131790301702,23.489125677980585,30.427702970027603,26.487297252474946,24.359388389363502,40.22719785803835,38.950608105986895
data/video/waterloo4k/ref/19.mp4,data/video/waterloo4k/dist/H264_19_1080p_4.mp4,76.05,H264,4,all,14.176211668298562,19.504532311764965,24.29767232978813,13.163386568097213,18.50601644887165,23.31914632108224,19.105309516338327,18.133697948342977,29.62122279041852,29.304762219562832,29.149925470352173,0.9231660664081572,0.978462815284729,0.1193016739562153,87.005393,9958b2bcc4,6653a35,2.2251840842101083,3.416852095076937,5.069882719989571,7.872845642652408,2.021399992872457,2.9755994585491847,4.073682916211208,5.86302740575562,10.92984909581666,7.380160255966503,17.962854204289215,14.45537909998615,2d32247a64,ebe32e1,2.8570066138549133,4.820694226648612,7.630999815492824,11.062895471433013,2.483941754165791,3.769327693839072,5.732738063741771,8.712635808731804,14.857051182296372,10.815365053418608,21.406978043475856,17.897883992355315,9.183248301652963,13.800622865192903,19.176032600301916,24.190744029694603,8.45549883272737,12.687923706195713,17.96238179018629,23.08997335770277,19.105309516338327,18.133697948342977,29.621222790418518,29.304762219562832
data/video/waterloo4k/ref/20.mp4,data/video/waterloo4k/dist/H264_20_1080p_1.mp4,11.48,H264,1,all,20.16232894191086,29.038081585909588,39.70597291690912,18.77537625033583,27.11631291242147,37.24132595582163,39.246776472736926,38.10757017847276,51.4920997856179,52.36098305405198,24.040928602218628,0.673996590077877,0.8810726925730705,0.2789322547614574,47.411308,9958b2bcc4,6653a35,7.62539390422023,10.327818296094346,14.087185026369289,19.371974782722123,5.640678405508897,7.608474427496032,10.074920760001664,13.19319586663114,21.349579089122926,16.46628704148252,30.92493246652419,25.988670374876893,2d32247a64,ebe32e1,7.518982515996875,12.112780322284612,17.36416699925461,22.10831869992164,5.970030302772741,8.525831325191346,12.082169698174187,16.38315035826813,24.414035234359776,18.730485653993934,33.61874059112128,28.83130698902345,14.304533161224496,20.284481878473628,28.918541648679756,39.460704910780095,13.475221464357785,18.801878303685033,26.791724561408234,36.81713537490872,39.246776472736926,38.10757017847276,51.4920997856179,52.36098305405198
data/video/waterloo4k/ref/20.mp4,data/video/waterloo4k/dist/H264_20_1080p_2.mp4,39.87,H264,2,all,15.61574829859033,22.464819127909912,30.69517331032326,14.971102726748567,21.7588757349338,29.77810495427754,28.27747622439269,27.495825017110903,39.51285816912464,40.57602535510549,26.31413626670837,0.7758956253528595,0.9341423213481904,0.2062922604382038,64.374493,9958b2bcc4,6653a35,5.126686888548642,7.287324720731757,10.371756218910766,14.907606786882484,4.107359968690265,5.620207207006039,7.540041781848525,10.1817539603202,16.540162249487757,12.4440157131487,25.284218744689284,21.29845137719864,2d32247a64,ebe32e1,5.498140237398358,9.171218510646868,13.614824607635594,17.685060420473707,4.410141923744307,6.479846522079596,9.429766789745353,13.163663465298583,19.52016970857733,14.749414529334032,27.85681571908096,24.07261972039264,10.886538424331258,15.634953738718425,22.31627411538643,30.522151469820727,10.645165907112082,14.913107072571544,21.395882383276096,29.449319009727862,28.27747622439269,27.495825017110906,39.512858169124634,40.57602535510549
data/video/waterloo4k/ref/20.mp4,data/video/waterloo4k/dist/H264_20_1080p_3.mp4,57.47,H264,3,all,12.986632076337468,18.522307941904835,24.934534188113936,12.588511056459032,18.35145887765418,24.81002011145715,21.98982202739783,21.74872199502187,31.78126044259139,33.128338109369025,28.215564727783203,0.8404361382126808,0.9588775038719176,0.1605087518692016,75.946264,9958b2bcc4,6653a35,3.810412319981074,5.506371665415811,8.027761451267535,11.933357398756543,3.1873457441216657,4.42098348412301,5.984383844513495,8.271479013704726,13.608187320359612,10.116564403773316,21.358046472919856,18.198278949394386,2d32247a64,ebe32e1,4.321897522929015,7.285976300349972,11.108107568307236,14.710420166902658,3.577418978138167,5.3075774330819145,7.86201866386797,11.186651570632382,16.43489651676717,12.426167064482463,23.757544674378245,20.82546950380017,8.867556902883274,12.91149707012308,18.34121556620621,24.797498573774682,8.828411509497979,12.519910366846565,17.98768077597794,24.532361281183626,21.98982202739783,21.74872199502187,31.78126044259139,33.128338109369025
data/video/waterloo4k/ref/20.mp4,data/video/waterloo4k/dist/H264_20_1080p_4.mp4,81.11,H264,4,all,10.449392658818567,14.710236373132908,19.332778012861475,10.271944977580269,14.9679456904867,19.785961584362564,16.622269140835762,16.646907970638576,24.36743210904898,25.72261020247872,30.602898836135864,0.8980337008833885,0.976385809481144,0.1189012378454208,86.769798,9958b2bcc4,6653a35,2.702768842574123,3.9805189284885767,5.900326720582699,9.049863542402637,2.3849214570090123,3.368171017209088,4.601265086486342,6.481615219199761,10.60971347454312,7.863044655618847,17.068208850284602,14.839730515616615,2d32247a64,ebe32e1,3.209767427753835,5.445963969727519,8.490712224563543,11.464617033866212,2.7550274886336683,4.148384596780067,6.203293747612481,9.017892033510815,13.031150103947702,9.951604226914773,19.110685289552755,17.108744514728112,6.9947920908375085,10.323684037701392,14.53140114326218,19.23775340329165,7.098392026446166,10.176141315906477,14.60919261145341,19.57953163202438,16.622269140835762,16.646907970638576,24.36743210904898,25.722610202478716
data/video/waterloo4k/ref/01.mp4,data/video/waterloo4k/dist/HEVC_01_1080p_1.mp4,7.61,HEVC,1,all,19.54263359665392,27.24523702170073,34.62129803089061,20.97182436376901,28.664501936448303,36.22424959257157,37.88705172020273,44.338548587759846,43.26874978135608,51.32321698138533,25.49394106864929,0.6609564274549484,0.7272325083613396,0.3220172151923179,18.934195,9958b2bcc4,6653a35,10.387382884920388,13.890383809487696,17.548660255440137,21.824870888938783,8.208326801226448,11.0376258557792,14.19048613997184,17.78859951671613,22.0916968097095,20.432731515423885,29.686183153360147,29.143873394683016,2d32247a64,ebe32e1,9.387916313926384,13.804691575918152,18.530195492466174,22.93894334456443,8.712902583011648,11.827230643924633,15.769982634578955,20.36790136703858,23.337850333282866,21.921197642861856,30.785487469073736,30.746995732624534,14.010399021671722,19.46192070228103,26.80453081121319,34.49314679618721,14.771383980986519,20.677807522510413,28.062426594593582,35.79780444866314,37.88705172020273,44.338548587759846,43.26874978135608,51.32321698138533
data/video/waterloo4k/ref/01.mp4,data/video/waterloo4k/dist/HEVC_01_1080p_2.mp4,25.98,HEVC,2,all,15.375896024568767,21.78998949685266,28.41960315317209,17.199154484836924,23.81635043034606,30.59733072743508,29.41882522343228,32.87648418832904,35.36930893050063,40.69594803868781,27.567405939102173,0.7530596181750298,0.8383800834417343,0.2504817582666874,38.388919,9958b2bcc4,6653a35,7.359923486052728,10.466859720863235,13.849629929483848,18.06882595704725,5.814298310555752,8.144784285825013,10.864481519817591,14.15756856070153,17.80810267730889,15.727094433766627,25.50981175764817,24.48512338007011,2d32247a64,ebe32e1,6.989523967447223,10.946405458303678,15.285120624020104,19.4876284357112,6.236481389600489,8.954027167065382,12.41876515741292,16.701263752250643,19.463751137368213,17.566664666906217,26.88074322036319,26.459630627003857,10.991856464967496,15.261599147494943,21.444541553196185,28.27610261556526,11.961956835366728,16.797460813730698,23.285424594264033,30.20557615829712,29.418825223432282,32.87648418832904,35.36930893050063,40.69594803868781
data/video/waterloo4k/ref/01.mp4,data/video/waterloo4k/dist/HEVC_01_1080p_3.mp4,52.29,HEVC,3,all,12.017592329825629,17.161411030250232,22.69974920663639,14.08730925165996,19.561078687228857,25.195159731852748,22.21551163864887,24.402247062773675,28.263576384828497,32.334877632727135,29.713285207748413,0.8356380984187126,0.9076846316456796,0.1884956154972314,60.438902,9958b2bcc4,6653a35,4.975063966694501,7.537580164519446,10.337354221261716,14.056788933626049,4.095841099384716,6.025345773390857,8.27767795321917,11.196677934603647,13.740217856022408,12.022274365099518,21.000264211536617,20.377272871125484,2d32247a64,ebe32e1,4.980108940740705,8.14705736243704,11.816716728229949,15.678631954653518,4.479897885925664,6.729924246912917,9.69868279096658,13.606408830661008,15.538969704191247,13.99028884044176,22.494280957195546,22.44694961860466,8.493949784489944,11.881478038447607,16.862484451637425,22.579473224235866,9.662000604236658,13.659827211217118,19.05729949553451,24.86842328259876,22.21551163864887,24.402247062773675,28.263576384828497,32.334877632727135
data/video/waterloo4k/ref/01.mp4,data/video/waterloo4k/dist/HEVC_01_1080p_4.mp4,71.7,HEVC,4,all,9.303738664986367,13.28358101528118,17.612198854556226,11.290957218607046,15.677888091291242,20.095351847966104,16.21077077756887,17.879607133752245,21.88304748735844,25.22260785286513,31.82568573951721,0.8948792070150375,0.9478963389992714,0.1376325637102127,76.620043,9958b2bcc4,6653a35,3.319575607208139,5.259353037905609,7.414287792838677,10.437872326086325,2.872938152774155,4.340637958416639,6.107527431531053,8.530849461357798,10.231768327096017,8.959491483358912,16.674292549099032,16.470871211474087,2d32247a64,ebe32e1,3.43281376195788,5.796238188197852,8.720637018138998,12.054419108460577,3.192683446433486,4.96144505104638,7.377259764940116,10.725228712226391,11.970113532182042,10.915810010266616,18.154583695286707,18.467174378908528,6.458203402617109,9.118227287302892,13.044904110001566,17.51717019390326,7.605065474670382,10.851795784493554,15.245669828908945,19.865839064511235,16.21077077756887,17.879607133752245,21.883047487358436,25.222607852865135
data/video/waterloo4k/ref/02.mp4,data/video/waterloo4k/dist/HEVC_02_1080p_1.mp4,21.54,HEVC,1,all,6.103186729419775,8.44548608987914,10.872639695895224,6.28115586547155,8.939165880431933,11.257634200537932,10.482383482030958,10.758860108361798,13.573813347560186,14.51076640601948,35.82048583030701,0.9795507118105888,0.9898668751120568,0.0843058554455638,86.071754,9958b2bcc4,6653a35,2.1274421627103743,2.979813309940522,3.900363026131152,5.039740370466418,2.6314480299289,3.5681832473124704,4.551060667178019,5.692684577224551,5.537489545308528,6.549876833624014,8.41035050851275,9.707009783285494,2d32247a64,ebe32e1,2.1628614390965053,3.1338438300901164,4.332465800993977,5.5731234313065965,2.985152318093796,3.89573345549284,5.027081190009463,6.233294381395647,6.064013813219467,6.491535103492696,9.062930800623173,9.695868218761769,4.163735596956269,6.000830890821184,8.292876463640269,10.83515712840628,4.289183984922482,6.201144442760436,8.718747976432757,11.170283042750414,10.482383482030958,10.758860108361798,13.573813347560186,14.51076640601948
data/video/waterloo4k/ref/02.mp4,data/video/waterloo4k/dist/HEVC_02_1080p_2.mp4,44.5,HEVC,2,all,4.846736418011381,6.659618125497981,8.558369162192621,5.036920870108081,7.128915146077497,8.978443091520463,8.108237302498337,8.506138604504715,10.682303252726124,11.620949418910708,37.34021067619324,0.9860586822032928,0.9942168816924096,0.0637032077647745,92.617389,9958b2bcc4,6653a35,1.5030266059426056,2.1523348432519303,2.893505594259997,3.910588136767178,1.862622302475362,2.5255254073733235,3.342591673322144,4.420107808502847,4.44126801959268,5.123712517516786,6.972021831640225,7.976591582810366,2d32247a64,ebe32e1,1.480060500973568,2.291356405294168,3.2886712845125405,4.429730901219587,2.003588102788344,2.818022107030846,3.8138702931745305,4.946206950553942,4.963448377161537,5.22173407893535,7.584491509421681,8.045387515757199,3.27374274803981,4.715947544248225,6.538873138785086,8.525699179048187,3.4434985448070656,4.948150182199526,6.946629402600075,8.914148475707105,8.108237302498337,8.506138604504715,10.682303252726124,11.620949418910707
data/video/waterloo4k/ref/02.mp4,data/video/waterloo4k/dist/HEVC_02_1080p_3.mp4,65.74,HEVC,3,all,3.88778767671273,5.257383059780604,6.711033084352989,4.065779741232049,5.792128395867751,7.259410489242319,6.381805555275685,6.7469159604305,8.404150023386382,9.305884936815245,38.38933086395264,0.990322194993496,0.9965298026800156,0.0498924851417541,95.390545,9958b2bcc4,6653a35,1.155766385983196,1.612267584463338,2.1517733875717537,2.9584556484904816,1.3894847041571976,1.9311591339956475,2.5642486630213406,3.416730017578705,3.3620319239197363,3.896518227183971,5.524714817264623,6.409039778477786,2d32247a64,ebe32e1,1.1079378490257004,1.6918739350621703,2.4779881787141296,3.4337414480824275,1.4831550202544532,2.1364974930768845,2.922013274404177,3.8765094954877344,3.8154965568874872,3.985960775716392,6.042286859666563,6.435813145780171,2.5718042137954202,3.753969729836495,5.162570732130918,6.684321138183678,2.663072653871258,3.9899283957928082,5.656341488767442,7.208233575369513,6.381805555275685,6.7469159604305,8.404150023386382,9.305884936815245
data/video/waterloo4k/ref/02.mp4,data/video/waterloo4k/dist/HEVC_02_1080p_4.mp4,83.54,HEVC,4,all,3.132131583399662,4.184274776531937,5.354324853047115,3.0978749066949938,4.440141254467787,5.529313842359332,5.275456778017256,5.324153303610335,6.788974581413653,7.281233431424785,38.93836307525635,0.9931696131825448,0.998031497001648,0.0388947804458439,96.384613,9958b2bcc4,6653a35,0.9644232656090836,1.209993027945798,1.5758040139516716,2.19088477119543,1.0122715422944686,1.3217239002687085,1.7339704574435482,2.3676295166782166,2.5977234222217005,2.7678617602630635,4.400354790742718,4.824901578818477,2d32247a64,ebe32e1,0.9084011067179192,1.303683905732015,1.8883383376520124,2.665842071585262,1.1150344462323378,1.533159836079021,2.1174574676349565,2.8846140352270444,3.049012896396341,3.0015200995687814,4.914165841427538,5.032823873256563,2.1250558102515527,3.029770780247987,4.113804130974674,5.330939480860404,2.0789410415828886,3.077588465447151,4.319513478124401,5.4896806229349435,5.275456778017256,5.324153303610335,6.788974581413653,7.281233431424785
data/video/waterloo4k/ref/03.mp4,data/video/waterloo4k/dist/HEVC_03_1080p_1.mp4,7.31,HEVC,1,all,17.35422267042315,24.487823185095127,30.32984211152056,16.168007503369992,23.12910796098286,29.22979025108731,32.26831977434788,35.98992906212076,39.60722361483554,44.203545706922256,27.64076590538025,0.7817904725670815,0.8986871615052223,0.2210294418036937,58.968462,9958b2bcc4,6653a35,6.259567757512876,8.268810127253058,10.747093916801656,14.200717197359172,5.756334412708624,7.468863673921245,9.535472722410011,12.351795327044911,17.263740926967625,15.248376165767588,24.322394390067085,23.094682687552144,2d32247a64,ebe32e1,5.874120666764668,8.768007304903803,12.36512474068095,16.249621636314007,5.937910065795721,7.97425218502079,10.902638184341535,14.52688428044992,20.03745139265441,17.184222710006257,26.591856838667244,25.01658339752361,11.754640474520762,17.21466071280614,24.06317193220214,30.226085068478426,11.325062094343451,16.101781052351363,22.545227286656093,28.963611398050574,32.26831977434788,35.98992906212076,39.60722361483554,44.203545706922256
data/video/waterloo4k/ref/03.mp4,data/video/waterloo4k/dist/HEVC_03_1080p_2.mp4,22.92,HEVC,2,all,13.51323270408025,19.089529167191976,23.998453646751965,13.111795122457984,18.78425307550812,24.00170510910696,23.96744873015925,27.00789576333618,30.996297307538907,34.821774355111216,29.40858364105225,0.833070382475853,0.9283408597111702,0.1763696949928999,74.670559,9958b2bcc4,6653a35,4.7619006753517965,6.48476781919162,8.685324389604284,11.853219707904165,4.501951046361878,5.989629863613563,7.860189164387278,10.40713082557923,14.08473191097901,12.489843782069514,20.61363286131804,19.98238321717622,2d32247a64,ebe32e1,4.55528712047126,7.198329661583971,10.42200560252014,13.839676750741054,4.628685011586476,6.469104278003504,9.148296065177858,12.45362751520028,16.475037621323462,14.086406714758947,22.544680673009083,21.55150078240773,9.130042786012236,13.368178722700431,18.761981645370792,23.894931562237495,9.090738564755917,12.969221138726505,18.29446929570583,23.766211748874365,23.967448730159255,27.00789576333618,30.996297307538907,34.821774355111216
data/video/waterloo4k/ref/03.mp4,data/video/waterloo4k/dist/HEVC_03_1080p_3.mp4,57.87,HEVC,3,all,10.919681574402263,15.390414752589152,19.598873362955533,10.779854460248666,15.608759748612078,20.16121845370373,18.945884535500568,21.77255662245598,25.13046751741883,28.84168980805193,30.993520736694336,0.8690009862184525,0.9501715451478958,0.1398252574726939,85.109632,9958b2bcc4,6653a35,3.617112070372348,5.033849625076426,7.004143969899775,9.982459014304016,3.463998943153599,4.738695018090112,6.384789617055192,8.715340662134537,11.88258976573975,10.389741971921296,17.916214226029815,17.593573669308842,2d32247a64,ebe32e1,3.6174679970792094,5.96745504941659,8.895807616102104,11.98706012670589,3.646359155974153,5.262794900002516,7.689732235238781,10.765600018963667,14.052394609936645,11.964030518077417,19.62249749622871,19.052440753279527,7.327108772269103,10.771022866289005,15.129796048016967,19.50611996593603,7.431788102439859,10.672944804197998,15.193538454341365,19.959409532088593,18.945884535500568,21.77255662245598,25.13046751741883,28.84168980805193
data/video/waterloo4k/ref/03.mp4,data/video/waterloo4k/dist/HEVC_03_1080p_4.mp4,73.65,HEVC,4,all,8.473839050716403,11.82985800540994,15.08616709917203,8.599102032156027,12.38203037812418,15.951919076681774,14.04119483238025,16.217668971379158,19.18130895283012,22.32975994768616,32.68980121612549,0.9093740284442902,0.969999633729458,0.1024401811882853,90.922614,9958b2bcc4,6653a35,2.5259567003937384,3.536299032894145,5.071659091530536,7.582628716930533,2.404113700576352,3.426873488605896,4.713923594420029,6.630507986564592,9.243174122171624,7.836091972798587,14.49630203446936,14.354603270307145,2d32247a64,ebe32e1,2.7301221526592925,4.51863720358683,6.956583427396693,9.51749613488021,2.8007250770883947,4.093252719640367,6.056562859295226,8.6489062780956,11.147722142451412,9.447352767204892,15.951079055256374,15.725856744324538,5.690216086630527,8.321328114593774,11.628587066811262,15.010728718542685,5.9013725809732,8.468392142867621,12.053437223141453,15.80161595350119,14.04119483238025,16.217668971379158,19.18130895283012,22.32975994768616
data/video/waterloo4k/ref/04.mp4,data/video/waterloo4k/dist/HEVC_04_1080p_1.mp4,9.27,HEVC,1,all,19.34415870444269,27.926092835765218,35.38987262928191,20.83153847655744,28.571234438100404,35.582328001973664,37.640945654897166,39.85814786582469,43.44881611254824,47.310677940528215,25.21926784515381,0.7130863890051842,0.7979600429534912,0.2903906814754009,36.121181,9958b2bcc4,6653a35,8.54331854377545,11.819734648745207,15.12868921354214,18.983748161108352,8.15371547796347,10.7089536514412,13.579517148272416,17.05921021210868,19.9460066582288,19.16896279997069,27.4587061793513,28.19831238154142,2d32247a64,ebe32e1,8.321722636473606,12.451476788545936,16.70058114188499,21.2698845671986,8.4317381788897,11.541458077502536,15.482104276419523,19.88662619598257,22.259514478133752,20.97775689104265,29.844940513312537,30.0371537612854,13.725300678232362,19.001192657783694,27.393497157599967,35.35246524227207,14.714309249255953,20.36457895212216,27.97160848150282,35.31323565501691,37.640945654897166,39.85814786582469,43.448816112548236,47.310677940528215
data/video/waterloo4k/ref/04.mp4,data/video/waterloo4k/dist/HEVC_04_1080p_2.mp4,24.99,HEVC,2,all,15.743047845015257,22.659766530705348,29.24286453722982,17.43441088806605,24.03098871413953,30.484298291444684,29.57549389050312,31.043713543545824,35.91509343099676,39.1602458695982,27.268558025360107,0.7606799900531769,0.8587263599038124,0.2424680981785059,55.192031,9958b2bcc4,6653a35,6.450378313724493,9.278412150651292,12.401474502018653,16.235450628222193,6.344058682302592,8.519537154820497,11.141687628746048,14.508779695857934,16.560115772155914,15.826444184513232,24.35375034660625,25.24407254886856,2d32247a64,ebe32e1,6.464900433156432,10.145849213532246,14.11817976774002,18.486834197213263,6.465091205021443,9.244254725090784,12.87803917726404,17.151645063236476,18.87049357194787,17.585511577368006,26.700268016141507,27.020054751325883,10.99890842223504,15.376795532085717,22.237130032614424,29.18933099725622,12.105572306463019,16.961539968985917,23.51391311446978,30.219777544415916,29.57549389050312,31.043713543545824,35.91509343099676,39.1602458695982
data/video/waterloo4k/ref/04.mp4,data/video/waterloo4k/dist/HEVC_04_1080p_3.mp4,56.09,HEVC,3,all,12.66747511408612,18.21158475965252,23.700849490493898,14.28901464622164,19.77540567129057,25.29728456180963,22.547254404535853,23.71099598105947,29.136629459660075,32.021779993012544,29.376044273376465,0.8163692131638527,0.9076109081506728,0.1904036961495876,72.540078,9958b2bcc4,6653a35,4.660418136157625,6.915446411253944,9.56417802037605,13.101896387530507,4.777651885256751,6.611637134176728,8.853222145115813,11.874044440120931,13.15171130398583,12.59538534825048,20.783989058946133,21.800134514909857,2d32247a64,ebe32e1,4.820975902540668,7.873214034754837,11.37777034853239,15.34357317105894,4.8299361600270165,7.23251892403831,10.434879590789718,14.345443259963393,15.432089780357476,14.36044543305982,23.05766018168797,23.53274405752965,8.703820247035218,12.32228911417707,17.869815528058368,23.63838252735414,9.767177415670785,13.865548910121788,19.33325354241754,25.062693911442018,22.547254404535853,23.71099598105947,29.136629459660075,32.021779993012544
data/video/waterloo4k/ref/04.mp4,data/video/waterloo4k/dist/HEVC_04_1080p_4.mp4,82.11,HEVC,4,all,10.088116517542856,14.33405270360724,18.62955803109892,11.48067779194944,15.88991686838249,20.32148492313496,16.738260282950694,17.60275563862085,22.94831863261369,25.39950640942231,31.386173486709595,0.8682271614670753,0.9426200836896896,0.1446850821375847,85.35206,9958b2bcc4,6653a35,3.3220550990694075,5.046875118102081,7.150160951736834,10.10075569913779,3.589995703734481,5.046548366310699,6.885125004472284,9.449833118640443,10.113527509358748,9.7914876285715,17.066188483443426,18.215722383745035,2d32247a64,ebe32e1,3.573279335514873,5.9126831824735495,8.817313644910207,12.171680806365185,3.6748161062305984,5.606136056343868,8.270729925884867,11.640315805719569,12.220548531540766,11.412053468623755,19.1568803543502,19.78117845471116,6.8643403036794455,9.795096739466029,14.045515934562246,18.569096995282642,7.76703847382644,11.11899554628533,15.501163562047326,20.127301197105485,16.738260282950694,17.60275563862085,22.948318632613695,25.39950640942231
data/video/waterloo4k/ref/05.mp4,data/video/waterloo4k/dist/HEVC_05_1080p_1.mp4,7.22,HEVC,1,all,13.083355695053395,18.85619038492451,24.08580659972437,12.91323308940914,18.79548123615572,24.32459246616517,24.62589692162168,26.96767906988853,32.36510277953227,35.44478450228025,29.24326181411743,0.872793935239315,0.9402708038687706,0.1833288986235857,60.577284,9958b2bcc4,6653a35,5.197077332375457,6.986935651778504,9.041598136630428,11.966099378338598,5.270045748083184,6.727713314772729,8.511009771503463,11.005963746247014,15.319208411739318,13.910486634639192,22.09559876127236,20.7491471448532,2d32247a64,ebe32e1,4.944706185100715,7.350133775285141,10.201844302968304,13.512320724272008,5.287604803034174,7.256728568711834,9.774346203415533,12.849184320588906,17.80127048887428,15.179784502552904,24.3623633860892,22.289293632285,8.757673849459657,12.98705358683445,18.465506899848684,23.988525508648955,8.839904164619005,12.850889129158032,18.440837803672782,24.107654957655527,24.625896921621678,26.96767906988853,32.36510277953227,35.44478450228025
data/video/waterloo4k/ref/05.mp4,data/video/waterloo4k/dist/HEVC_05_1080p_2.mp4,26.39,HEVC,2,all,9.955348606338116,14.298458757906827,18.249394132407552,10.483897031983568,15.143130320529538,19.4868542303002,17.307416479407042,20.049710864791013,23.561488931753704,27.12894112218781,31.88146066665649,0.9131301045417786,0.9635981768369676,0.1442293804138898,76.554751,9958b2bcc4,6653a35,3.571742132590881,4.965128076366992,6.735527913474441,9.217834220271175,4.137148380032637,5.391762875971603,6.947463433058609,9.16889081039425,11.754107832645882,11.221145501641914,17.6218908827714,17.35716188128111,2d32247a64,ebe32e1,3.7669947337161114,5.714256021729028,7.992837172845745,10.83007178482682,4.143142884716932,5.829641518146938,8.005622318626834,10.712676215308235,14.1449105023074,12.327004424055293,19.65242333453872,18.49577406996705,6.592576957603533,9.79268131815729,13.97580522049729,18.158689981675053,7.029554204955251,10.22591160858647,14.794697940755773,19.306408560346572,17.307416479407042,20.049710864791013,23.561488931753704,27.12894112218781
data/video/waterloo4k/ref/05.mp4,data/video/waterloo4k/dist/HEVC_05_1080p_3.mp4,48.92,HEVC,3,all,7.521136287459157,10.389495466977673,12.989690066921073,7.839159560747948,11.349559504829882,14.286320426888151,11.762163521862243,13.625694957123295,16.612116532675493,19.073076359656536,34.91420650482178,0.944675013422966,0.981070302426815,0.0970254074782133,86.490175,9958b2bcc4,6653a35,2.331262458583892,3.437026043209157,4.852077978886551,6.746346403249174,2.824490482664762,3.810051194119873,5.034376440634069,6.7879328342075285,8.74053088489717,8.230784377105401,13.25549864485416,13.472405736313489,2d32247a64,ebe32e1,2.5808235956976664,4.1270015224466,6.004457903841895,8.145235216925549,2.8279403499789817,4.198289237831329,5.990587202339944,8.188164545710139,10.584916114096323,9.377266317459584,14.838411290658351,14.3514046117812,4.9504977216855,7.313622543379665,10.15681845614674,12.928715031405142,5.214570959149913,7.615060519092553,11.037556517857007,14.15711073121848,11.762163521862245,13.625694957123295,16.612116532675493,19.073076359656536
data/video/waterloo4k/ref/05.mp4,data/video/waterloo4k/dist/HEVC_05_1080p_4.mp4,74.1,HEVC,4,all,5.532622344900427,7.521407062348127,9.429566895378157,5.822692834945715,8.302441843317906,10.442116635778644,8.411699733675436,9.283139071894658,11.81345508892299,13.295731563690683,37.25198030471802,0.9694701284170152,0.9894229099154472,0.0680879936553537,91.705747,9958b2bcc4,6653a35,1.650333593161858,2.430953588289043,3.446720397885186,4.946367244723923,1.9674111991265173,2.7233379610641766,3.688593524495425,5.147191176115281,6.7489047398131765,6.2793335149713485,10.44023165106002,10.569072236168584,2d32247a64,ebe32e1,1.919060809903875,3.013333354140453,4.475217474016547,6.26850706867721,2.1389849777608165,3.185529586024704,4.560243074480344,6.383768969511938,8.436053286254358,7.490071432437664,11.86751227973478,11.385960758165057,3.6347733814745036,5.406092161840268,7.377064561393559,9.390110909453929,3.9233116770826975,5.705899167426453,8.084923132328722,10.348681746487118,8.411699733675436,9.283139071894658,11.81345508892299,13.295731563690683
data/video/waterloo4k/ref/06.mp4,data/video/waterloo4k/dist/HEVC_06_1080p_1.mp4,3.78,HEVC,1,all,28.205808525594858,41.31579539765416,58.01635169681893,22.87218687342876,34.83053127377583,50.39837936944408,64.76413763935966,63.54455277022239,86.90082869754644,85.39311774437955,20.35935139656067,0.4186212830245495,0.8026401102542877,0.3626075536012649,33.737033,9958b2bcc4,6653a35,11.348100526815552,13.780900669644256,17.6308388744238,24.59115365851785,7.141983136791959,9.71489636721778,12.273056053484304,15.903126647913153,30.40822639589401,22.068023508927485,44.44089603458109,33.52239219086613,2d32247a64,ebe32e1,8.423367426458194,13.952117234218711,21.215006659635048,28.554870521386785,6.561582083311551,9.452732248265445,13.81793465005404,19.128208365007083,35.59977948409802,25.917196466687347,49.06518889427074,37.88198133529575,18.763856065961264,28.322659385516197,41.204557785218256,57.55441893474397,15.640708656354073,22.98562529461242,34.358794120260356,49.58408650486045,64.76413763935966,63.54455277022239,86.90082869754644,85.39311774437955
data/video/waterloo4k/ref/06.mp4,data/video/waterloo4k/dist/HEVC_06_1080p_2.mp4,25.34,HEVC,2,all,22.795719025909296,32.06048649048152,42.856046619018926,18.81967239273114,28.346961195962614,39.09814565022404,39.59757070314819,37.047409407720295,58.84498508188365,56.73571678262196,22.93897080421448,0.666644386947155,0.912122905254364,0.2411988861858844,57.959012,9958b2bcc4,6653a35,5.669397659063029,7.71576385805706,10.739822227171754,16.40778464269639,4.45939879594855,6.188980349308732,8.081066459347543,11.02684814982612,21.88041986080048,14.83715313937448,33.99612056814839,25.19618548632954,2d32247a64,ebe32e1,5.7804347313999855,9.861498088735717,15.517758625149868,21.18297760447408,4.652625446134978,6.837763253676159,10.085851076496017,14.4280904517071,27.34385895625613,18.81087529970404,38.66545598557278,29.40202108170397,14.91788449279852,22.575589258692613,31.764306036815732,42.56967322222559,12.511610589823821,18.73761167079434,27.731809272826638,38.56705807745776,39.59757070314819,37.047409407720295,58.84498508188365,56.73571678262196
data/video/waterloo4k/ref/06.mp4,data/video/waterloo4k/dist/HEVC_06_1080p_3.mp4,62.97,HEVC,3,all,17.577620869507026,24.07257828143813,31.029224279691785,14.98013586199156,22.173557252623034,29.39407806959632,26.550424070258217,25.049635632086407,40.651661924053,39.41195988259287,26.05160903930664,0.8319201320409775,0.9582111164927484,0.1608149036765098,74.008684,9958b2bcc4,6653a35,3.4930514775263544,4.9366208030086485,7.070490342743466,11.173874042632011,3.023815397554378,4.332652302864398,5.749233298394091,8.021708152590273,15.616110325161706,10.540587092268382,24.48561631532996,18.520989341922675,2d32247a64,ebe32e1,3.928414899011357,6.677871260867582,10.74154778812544,15.029662113820631,3.300450144757174,4.947518409629215,7.390567771254544,10.838166440120416,19.975669748395735,13.748161539801869,28.16522920390314,21.824171905713104,11.387099402004784,17.24739773789797,23.724654315966532,30.83944409276347,9.677535857811938,14.629544913149033,21.51694051783494,29.02579061793311,26.550424070258217,25.049635632086407,40.651661924052995,39.41195988259287
data/video/waterloo4k/ref/06.mp4,data/video/waterloo4k/dist/HEVC_06_1080p_4.mp4,76.89,HEVC,4,all,12.774108197163867,17.34057907123158,22.107397458767107,11.34154575254484,16.481208851560016,21.471304351458915,17.88359124790771,17.222438742531047,28.193492446971195,27.76206364329523,28.99681234359741,0.9151561558246613,0.9786155074834824,0.1132561927661299,83.964619,9958b2bcc4,6653a35,2.305554689093763,3.3973822522899515,4.924615853717567,7.8300294976878515,2.0484960848813007,3.0869178566793205,4.149532712342975,5.877715173252502,11.00979754470548,7.534439867611416,17.469086672791985,13.611651329859251,2d32247a64,ebe32e1,2.6740145008789598,4.603671654317618,7.517817694874729,10.710089340407222,2.295541272276157,3.524884876102784,5.38418980045817,8.103433479413122,14.202333199532635,10.012546774460862,20.19481703484339,16.173779125805048,8.283567831172832,12.468817383242307,17.065159740577748,21.98293821930786,7.2165913512577795,10.971190656519095,15.970188023864281,21.22109788087731,17.88359124790771,17.222438742531047,28.193492446971195,27.76206364329523
data/video/waterloo4k/ref/07.mp4,data/video/waterloo4k/dist/HEVC_07_1080p_1.mp4,9.12,HEVC,1,all,16.092297860713593,20.946590898224187,26.178790480939373,16.999028178094,22.74859061434279,28.33281129094311,28.00110372002852,30.756886277170462,32.32932042916493,36.52856581643288,27.93404626846313,0.8063234612345695,0.8443838283419609,0.2678389605134725,49.870096,9958b2bcc4,6653a35,8.451290192380837,11.400545967145566,13.802871800579664,16.201477437877198,6.703323130135886,9.167445736348151,12.158752811369204,15.217782869099224,14.607659191208864,15.54602355159034,21.29120343843465,23.888151371337663,2d32247a64,ebe32e1,7.680880666347378,10.90016957947293,13.810816804678062,16.47115185358295,7.2606761526607935,10.061175336187508,13.106911719939582,16.428980196730574,14.812604235833634,15.637982460586851,21.54602991871539,23.700389807348397,11.939880173751225,15.882769688268512,20.61375037218454,26.211182294404573,12.086406084678861,16.77410583159606,22.35059385257457,28.193899574297387,28.001103720028517,30.756886277170466,32.32932042916493,36.52856581643288
data/video/waterloo4k/ref/07.mp4,data/video/waterloo4k/dist/HEVC_07_1080p_2.mp4,31.32,HEVC,2,all,12.021301773878466,16.1012144685064,20.583282496380544,13.285548154170188,18.21908542854276,23.130771555947664,20.98783358592237,23.329640977355915,25.245159705010664,29.03260745846646,30.60855007171631,0.8551423698663712,0.9070278629660606,0.2221126202493906,69.479235,9958b2bcc4,6653a35,6.096713612120045,8.722616152024173,11.049605532548515,13.427534764141337,4.958552879260021,7.059239605487139,9.721534747083156,12.627915753861409,11.664118792838144,12.415662601163408,17.95232376953458,20.450034307996702,2d32247a64,ebe32e1,5.596659196860392,8.444359400039323,11.175146880240654,13.740785563027288,5.24510398270744,7.686928797644568,10.5026107448813,13.647599542285873,12.027477198000131,12.612541547996056,18.28953038675921,20.327331480566983,8.822876090564826,11.882862319189769,15.854852341584184,20.58635753803863,9.272600915544281,13.072159914198865,17.861704756998193,22.986680195945304,20.98783358592237,23.329640977355915,25.245159705010664,29.03260745846646
data/video/waterloo4k/ref/07.mp4,data/video/waterloo4k/dist/HEVC_07_1080p_3.mp4,66.16,HEVC,3,all,8.833869617905137,12.139750995376154,15.937205502650194,10.356365566495189,14.48188426176788,18.676598932126502,15.344184791635588,17.439200150932866,19.499824082974897,23.018962341041803,33.06226444244385,0.8948085308074951,0.9446760639548302,0.1786821484565735,87.382497,9958b2bcc4,6653a35,4.19030681884253,6.42787938518036,8.588320234014686,10.9317261633049,3.639097605528152,5.408574525169976,7.662580652108076,10.359203952855896,9.256844797541651,9.88917311487341,15.125300664514262,17.525436933569573,2d32247a64,ebe32e1,3.992721223333491,6.409415937466872,8.886219696452583,11.348299149441075,3.8387102722377935,5.899538637161631,8.412114448271268,11.341804148345028,9.777000454748425,10.247002512239364,15.553876946720726,17.525523836630136,6.3490492762331066,8.700694677965714,11.952491095195901,15.912607088050786,7.055797485357213,10.11732003261407,14.153561435741452,18.526320318000185,15.344184791635588,17.439200150932866,19.499824082974897,23.018962341041803
data/video/waterloo4k/ref/07.mp4,data/video/waterloo4k/dist/HEVC_07_1080p_4.mp4,79.77,HEVC,4,all,6.759276320838975,9.428623193128102,12.556873978585385,8.31944168620063,11.764608027668316,15.260489748973985,11.486384458619405,13.399386340651212,15.35162424943847,18.611765261994965,35.18836522102356,0.923785664141178,0.9656043201684952,0.1407442390918731,97.451812,9958b2bcc4,6653a35,2.876562170953851,4.667215811685385,6.539200884996592,8.753080806600186,2.71075260730123,4.147218011326038,5.989782514715634,8.407828200573201,7.398387131323149,7.947755631148251,12.708483927517156,14.995791798617386,2d32247a64,ebe32e1,2.8691655126106395,4.826523166346795,6.994140028454186,9.276375232134434,2.8847227719687574,4.580895116365214,6.768673991642164,9.440366246586514,8.00813234760433,8.433310959400558,13.184194828600775,15.093689596556802,4.7756868297866335,6.625316882202433,9.276398903366536,12.52252810788251,5.547239694560922,8.074055220189507,11.45352026451191,15.11961357107298,11.486384458619405,13.399386340651212,15.35162424943847,18.611765261994965
data/video/waterloo4k/ref/08.mp4,data/video/waterloo4k/dist/HEVC_08_1080p_1.mp4,6.1,HEVC,1,all,15.653970396334328,21.457637792876188,28.682090631577868,16.292489124556116,22.658372324491086,30.539593371648944,30.08653995264364,46.28608656704931,37.47737659860769,53.55194080301415,26.39087128639221,0.6213168352842331,0.7840107157826424,0.2897588238120079,26.625347,9958b2bcc4,6653a35,9.08107406330267,11.674703191541775,14.947537612982558,19.22165133278373,9.098407247559534,11.56541789585019,14.55785449673879,18.209235977158023,18.8703817818758,21.398091742739886,29.21478042157029,30.727910613343383,2d32247a64,ebe32e1,7.33353492792064,11.258566710008362,15.760936451988757,20.26931867857436,8.013005741482468,10.806421412470296,14.62505203629064,18.581268686233194,19.95451953528406,21.80546959322152,30.03278028576634,30.776139105160915,11.465262441447091,15.62601077052963,21.284376544921532,28.618785866629292,12.048693726201712,16.301648560922697,22.471929884891168,30.150057553162057,30.086539952643633,46.28608656704931,37.47737659860769,53.55194080301415
data/video/waterloo4k/ref/08.mp4,data/video/waterloo4k/dist/HEVC_08_1080p_2.mp4,14.06,HEVC,2,all,14.133098407508294,19.425624445595524,25.93736204547274,15.176960745870348,21.23574189199928,28.60912085794753,26.55383611864709,42.699401090115884,33.921435577765486,49.925174113406015,27.23624849319458,0.6287257708609104,0.8035718649625778,0.2670432515442371,42.611631,9958b2bcc4,6653a35,8.512074897671432,11.04550011265436,14.308017611848156,18.60096895503791,8.366212333891925,10.809163102352864,13.83067941294576,17.512959559072254,18.095767473661223,20.373675250651125,28.496680685460746,30.099806638584504,2d32247a64,ebe32e1,6.891134437880485,10.793360180820423,15.263738853419904,19.702011766680556,7.412894797144301,10.238349853192634,13.998331719863302,17.989512249206633,19.26011481150853,20.80837110282496,29.3256585817134,30.125229704048397,10.228412015053996,14.109584498407896,19.28887106273978,25.855218817250236,11.141482626498915,15.169333122245593,21.047643294892733,28.25555743351927,26.55383611864709,42.699401090115884,33.921435577765486,49.925174113406015
data/video/waterloo4k/ref/08.mp4,data/video/waterloo4k/dist/HEVC_08_1080p_3.mp4,39.32,HEVC,3,all,11.935302372311556,16.43190394537095,22.056627696979408,12.87803843672091,18.32823468603954,24.77232617712907,21.445118076019856,34.085558109064976,28.64688393255731,41.49095946965318,28.293049335479736,0.6780954673886299,0.8623509034514427,0.2125732488930225,62.722404,9958b2bcc4,6653a35,6.77080147564558,8.984346472653419,12.141096304799738,16.495117447669983,6.072436595631282,8.311045813459804,11.097570271949484,14.613214683839969,15.762319741969176,16.573540976909722,26.19151446542708,26.82579141464372,2d32247a64,ebe32e1,5.74511834948144,9.390763622917405,13.692726739827762,17.84058412168667,5.703468082507552,8.302532185506765,11.749195923584262,15.624441701451468,17.25092396127524,17.510986802961064,27.17393811352444,27.216960931399168,8.427206613010647,11.888369813819688,16.302628581360867,21.962794922534933,9.341532925803431,12.871673302344762,18.128016306382445,24.490891456687763,21.445118076019856,34.085558109064976,28.64688393255731,41.49095946965318
data/video/waterloo4k/ref/08.mp4,data/video/waterloo4k/dist/HEVC_08_1080p_4.mp4,75.9,HEVC,4,all,9.818303815488315,13.354803862622113,17.62804884276214,10.347611158999234,14.910215989818427,19.837525264000384,16.23241752741038,24.07448772705389,22.53430641808216,31.219367921382467,29.54015588760376,0.784733347594738,0.9222797602415084,0.1469533517956733,79.485744,9958b2bcc4,6653a35,4.279627638778053,6.029756430266268,8.638695334105751,12.574003124728756,3.9073806042042345,5.550772251495005,7.62256439582145,10.464970922889902,12.009151942464433,11.303523469692758,21.5817366000814,20.83215192369652,2d32247a64,ebe32e1,4.237295136239847,7.128405978272888,10.739610752745342,14.255579876567191,3.924159885202704,5.932982000743182,8.66699337037844,11.963371761689354,13.71475547386189,12.61784798514327,22.74613290973681,21.72282342927037,6.722304676888336,9.720186869390881,13.21163272663863,17.540721272826726,7.305190467857956,10.308316139221242,14.664520272785353,19.61555681397585,16.23241752741038,24.07448772705389,22.534306418082153,31.219367921382467
data/video/waterloo4k/ref/09.mp4,data/video/waterloo4k/dist/HEVC_09_1080p_1.mp4,11.25,HEVC,1,all,12.033322044395442,16.625774566274764,21.7784290648839,12.084423480788692,16.70293875323695,21.213052470667463,20.28353525697017,19.55086485761968,27.117424113506026,27.22327911851097,31.72733497619629,0.9530892670154572,0.9664753079414368,0.1222803387790918,66.447356,9958b2bcc4,6653a35,3.5630841989193565,4.796195171530961,6.186717764219332,8.175129433870058,3.396956386310611,4.458635888870591,5.7164289527474565,7.293210320336107,9.22956397505246,8.104840622428604,14.099260661173387,12.986521042027553,2d32247a64,ebe32e1,3.607475829740727,5.20368787223974,7.313784951019097,9.721532392703216,3.797473616957288,5.0548503088931405,6.695107259909653,8.805056194448866,10.903847744079524,9.406084610508389,15.716191350896786,14.555249353315205,8.33080476227916,11.839470122762284,16.38202988079123,21.66970710940218,8.382791311160823,11.82492989807641,16.304815360400976,20.991868579232147,20.283535256970172,19.55086485761968,27.117424113506022,27.22327911851097
data/video/waterloo4k/ref/09.mp4,data/video/waterloo4k/dist/HEVC_09_1080p_2.mp4,37.45,HEVC,2,all,9.179193075946964,12.628322806127183,16.387282737147185,9.52005180028238,13.18810158754005,16.567011092895545,15.086013738438576,14.642015812459263,20.248787831889807,20.717488292176604,33.81967329978943,0.9658988118171692,0.9785894304513932,0.0935372021049261,76.502224,9958b2bcc4,6653a35,2.607002258825476,3.6200087196353095,4.739182414051123,6.313290338801188,2.6081620340965435,3.513085819498244,4.595805515975784,5.952906241615287,7.040062717922397,6.393495469979313,11.159026882240097,10.701461105768631,2d32247a64,ebe32e1,2.707517065626696,3.980245357455373,5.635713790375168,7.629405296867405,2.972292951823468,4.027687561278092,5.419260537979292,7.220839623215348,8.469873135685141,7.501980456496359,12.553479348371908,12.019588496357317,6.369844446304092,9.069964945177599,12.432804850851259,16.310738128574997,6.633066071424948,9.359593715245621,12.846120128385273,16.401810574025088,15.086013738438576,14.642015812459265,20.248787831889807,20.717488292176604
data/video/waterloo4k/ref/09.mp4,data/video/waterloo4k/dist/HEVC_09_1080p_3.mp4,66.43,HEVC,3,all,6.8623259155761565,9.289816040582886,12.116481659608006,7.265989495435451,10.05307423084022,12.56032034720557,11.044094701632428,10.806344987088856,14.861723288091351,15.492182144418042,36.10777497291565,0.97544514387846,0.986891694366932,0.0705307461321353,84.912585,9958b2bcc4,6653a35,1.8631856431964284,2.63045737374828,3.508468999791768,4.731724787312926,1.9978808159681176,2.715163622337545,3.610954851301128,4.743443845838523,5.200281918659681,4.932267071811324,8.568494438739883,8.625826823643909,2d32247a64,ebe32e1,1.9613718619424532,2.932394963754956,4.1879268827204,5.812295243543255,2.2808574165614144,3.116237182411033,4.244377786160497,5.7548692445127365,6.347800610588018,5.805316639379362,9.705834199408557,9.669198277443778,4.719470720640223,6.7215743405090915,9.153961520586906,12.07461935197616,5.036344294816841,7.111996312064297,9.790154203655828,12.451524236742113,11.044094701632428,10.806344987088856,14.861723288091353,15.492182144418042
data/video/waterloo4k/ref/09.mp4,data/video/waterloo4k/dist/HEVC_09_1080p_4.mp4,70.57,HEVC,4,all,5.261009638637001,7.105415432118109,9.414026917196432,5.619649016155151,7.822861232298719,9.79555299347763,8.705898959167893,8.334261038322541,11.5685170781343,12.058827013948394,38.03719139099121,0.981777049601078,0.9913418740034105,0.05445415712893,90.576526,9958b2bcc4,6653a35,1.4087833017559093,2.00859999705782,2.7149748955755,3.7094917332021984,1.554105776831069,2.1404421521149444,2.9021766596530365,3.877307116588881,4.052699878959457,3.977283749627037,6.884366348268092,7.19094684714443,2d32247a64,ebe32e1,1.5396996258892466,2.2870330390602613,3.299019897740889,4.632602937792969,1.81519716691362,2.514683877639655,3.463726506523516,4.752654331587016,5.0173930916945775,4.7326541391793855,7.839021785053242,8.0633135688222,3.6402555941354113,5.145752225331886,7.009896979452453,9.37187048494409,3.9334264755670354,5.525093337604031,7.62523797711331,9.711553012433159,8.705898959167893,8.334261038322541,11.5685170781343,12.058827013948394
data/video/waterloo4k/ref/10.mp4,data/video/waterloo4k/dist/HEVC_10_1080p_1.mp4,7.74,HEVC,1,all,14.91527388195587,20.53471886348801,27.53286624108916,15.121406128203402,20.627668450869432,27.161898219837013,28.64099740193652,29.024927541032845,34.75636771061595,36.5888827089681,26.75778603553772,0.8318164721131325,0.8939336240291595,0.2333722058683633,42.615965,9958b2bcc4,6653a35,6.706152563462694,9.128370681481057,11.812029309456978,14.858759437109402,6.473546226522038,8.516581098446418,11.064978844458226,14.02330645231683,14.279196960992945,14.900727662617296,21.68336381414071,23.152307089745523,2d32247a64,ebe32e1,6.352087808542582,9.264688273999946,12.426229843585316,15.748598248304482,6.630984877914147,9.048743178629447,11.90243140633746,15.193203957779463,15.314487437290186,15.303678377073156,22.95057974687728,23.514059527937714,10.947277559789436,14.778214737798569,20.37462189680447,27.51815848354834,10.929554652837544,14.928130207855421,20.393325428075258,26.963447624181565,28.640997401936517,29.024927541032845,34.75636771061595,36.5888827089681
data/video/waterloo4k/ref/10.mp4,data/video/waterloo4k/dist/HEVC_10_1080p_2.mp4,37.84,HEVC,2,all,11.756033099301506,16.226115647152,21.75253381987576,12.521841498402235,17.211267912295238,22.59305673804576,21.345183026978248,22.044222774254195,27.131940806253844,29.2492817847604,28.78873300552368,0.8712993338704109,0.9296244978904724,0.1866073999553918,62.430797,9958b2bcc4,6653a35,5.036423789231011,7.166757590434211,9.536500628947216,12.336198568450463,5.118584478587597,6.978509697429831,9.336396146226209,12.131591617544077,11.718151921587186,12.545359670835662,18.620390353592644,20.657793919377703,2d32247a64,ebe32e1,4.96775596800054,7.518109234200241,10.332500506238835,13.34937705540352,5.243137051901231,7.503197560561264,10.15308530358855,13.2523616629409,12.880270129326911,13.03039891965127,19.911938008856765,20.94387173846366,8.445780300907954,11.565367389521798,16.067603283934943,21.72221748609998,8.902051237086999,12.282477979929523,16.955295462479288,22.426734232957614,21.345183026978248,22.044222774254195,27.131940806253844,29.2492817847604
data/video/waterloo4k/ref/10.mp4,data/video/waterloo4k/dist/HEVC_10_1080p_3.mp4,65.21,HEVC,3,all,9.236956756682195,12.746708426353916,16.943057510369332,10.089066874642125,14.01558995747518,18.28886163822048,15.705516606493116,16.496750829583068,20.91598617034414,23.07867170653539,30.78564095497132,0.9088912829756736,0.9574368447065352,0.1426628623157739,80.939746,9958b2bcc4,6653a35,3.511442723103267,5.2464124819916815,7.275983223558644,9.77950892933724,3.724107641503643,5.280891135398404,7.323359650136444,9.859902828735905,9.271579623812933,9.953834352711924,15.47708669715414,17.5959726017216,2d32247a64,ebe32e1,3.6157046547492464,5.724170887974636,8.166775923277072,10.84363144691588,3.852151914611525,5.774953000591638,8.13150151631235,10.964493884901326,10.51528354220762,10.6246746686607,16.755513322936064,17.903618797328072,6.450245877687872,9.041922786852952,12.567817890919116,16.905352387071222,6.996745545116959,9.857648646960584,13.733962260045407,18.144207635956285,15.705516606493116,16.496750829583068,20.91598617034414,23.07867170653539
data/video/waterloo4k/ref/10.mp4,data/video/waterloo4k/dist/HEVC_10_1080p_4.mp4,76.7,HEVC,4,all,7.508266343958589,10.31509320570625,13.592427086310954,8.284958667548429,11.586192708924804,14.966969362240937,12.10726284187879,12.749732968395096,16.636931074748656,18.56212422924972,32.38318490982056,0.9366111978888512,0.9731350839138032,0.1088545732200145,92.962811,9958b2bcc4,6653a35,2.51311496828435,3.875998998890837,5.506371925207835,7.676423536611698,2.729251694022073,3.982104518456562,5.623037059334141,7.810769766898872,7.377505539543324,7.7963276214185075,12.857469123152022,14.709446909015329,2d32247a64,ebe32e1,2.6740764784015707,4.348168643668228,6.3915597096844,8.75645366815758,2.881975584870481,4.440769723658674,6.433014890550659,8.957949125937096,8.607112995835328,8.62803270400441,14.060233107217565,15.11299646917254,5.134007052183044,7.325526559671297,10.153123838096452,13.556077658303906,5.635634880518388,8.080382277066493,11.306838710761047,14.844982152294044,12.10726284187879,12.749732968395097,16.636931074748656,18.562124229249722
data/video/waterloo4k/ref/11.mp4,data/video/waterloo4k/dist/HEVC_11_1080p_1.mp4,1.91,HEVC,1,all,18.24640400613977,24.781978716725,31.89707643032894,18.307327633673623,24.71263152933115,31.99940192140529,34.47543239751115,38.474459809296704,41.60469031668973,46.35609515461153,25.689879655838013,0.7165470644831657,0.800783671438694,0.3142509162425995,15.851277,9958b2bcc4,6653a35,10.235346787302996,13.51058813185796,16.702042946947675,20.031036328204188,8.630380914620472,11.154797756015126,14.3035067493384,17.655469056809757,17.9922589504796,18.698973791758416,26.9740990630581,27.86101718412189,2d32247a64,ebe32e1,8.677483581861539,12.575808635216656,16.58759910824108,20.0271333698661,8.548888783439056,11.420481919109609,14.983677948300892,18.643348155996502,18.31912184630384,18.66054905826744,27.24414965622386,27.747281740414387,13.449681495951095,18.24559239503347,24.595139111619634,31.8362983467855,13.138333586898028,18.20135196024026,24.500576557459812,31.66059024802784,34.47543239751115,38.474459809296704,41.604690316689734,46.35609515461153
data/video/waterloo4k/ref/11.mp4,data/video/waterloo4k/dist/HEVC_11_1080p_2.mp4,22.01,HEVC,2,all,14.279788487147522,19.737349212824263,26.16543508980351,14.933301455316125,20.62001911476944,27.199107811824955,26.305152936533258,28.43048425005073,33.7047866319717,36.91396401689905,27.616638660430908,0.7701131850481033,0.8723611831665039,0.2593395747244358,36.374705,9958b2bcc4,6653a35,7.630118215677542,10.673591620921702,13.840108526002808,17.274788584981952,6.521061703356529,8.796322169981561,11.661542411979283,14.858278765589796,14.96351296191633,15.18218505542766,23.919633617083026,24.418021710218923,2d32247a64,ebe32e1,6.777450745367371,10.414884473294531,14.280676932491945,17.631546806641776,6.4696953861277136,9.07411444050236,12.35169564934805,15.89592853215993,15.718144793832629,15.421390483321758,24.507144703642417,24.652686805616945,10.507078849962062,14.292683371514743,19.603845894351632,26.09100890238692,10.61487285205448,14.806784641826981,20.41311707553807,26.912773590894275,26.305152936533258,28.430484250050732,33.7047866319717,36.91396401689905
data/video/waterloo4k/ref/11.mp4,data/video/waterloo4k/dist/HEVC_11_1080p_3.mp4,58.42,HEVC,3,all,10.656841496582771,14.851772734284284,20.04203927162312,11.719017412313518,16.41254535328859,21.73984860701782,18.99760050429144,20.60055799932184,25.74222795544052,28.501370179551305,29.953941106796265,0.8379626721143723,0.9275333881378174,0.1956483889371156,59.615028,9958b2bcc4,6653a35,5.239137242503925,7.657339913777499,10.33354591848266,13.56610481417203,4.815775140777205,6.739325984736615,9.134524091194878,11.990448925722866,11.775810847944037,11.976447117915953,19.855227057475474,20.729086206430164,2d32247a64,ebe32e1,4.885207371678354,7.869131520470309,11.24769816691876,14.3220998561187,4.750226994160171,6.95836402596959,9.82893026233927,13.079112062383787,12.813720533340629,12.421474196007791,20.6670230814236,21.06991175071365,7.742317483467145,10.618706713089216,14.741374904634219,19.958491978449498,8.17467361871916,11.541880228061352,16.163892875065304,21.505139025035017,18.997600504291437,20.600557999321836,25.742227955440516,28.501370179551305
data/video/waterloo4k/ref/11.mp4,data/video/waterloo4k/dist/HEVC_11_1080p_4.mp4,76.97,HEVC,4,all,8.03796833032471,11.207833209218744,15.091278726839056,9.175113242799158,12.968206555114069,17.07188464853488,13.574236630215292,15.276284001853115,19.23520086577735,21.92137553270715,32.388506174087524,0.8973091468214989,0.9604050889611244,0.1448120884597301,78.205674,9958b2bcc4,6653a35,3.585692021230792,5.405010897248722,7.506910017791142,10.294631945240685,3.5077386181363748,5.074501669898206,7.009430187210473,9.474581593960508,9.120267084795165,9.375124154858236,15.89190035553002,17.031456118395084,2d32247a64,ebe32e1,3.5081125143846013,5.813492392863337,8.567597952984867,11.228733285574908,3.4881607837957,5.295441289997515,7.679335282437956,10.52977214823927,10.18329601489116,9.910497867769337,16.768148326565363,17.38805124271513,5.691163151457706,7.948922266574427,11.105516710691042,15.024856825668454,6.253257608222931,8.973023702282573,12.715151378467011,16.893627595052298,13.574236630215292,15.276284001853115,19.23520086577735,21.92137553270715
data/video/waterloo4k/ref/12.mp4,data/video/waterloo4k/dist/HEVC_12_1080p_1.mp4,8.65,HEVC,1,all,14.06014676219588,19.85687624310307,25.933592279051773,14.971948684068366,20.600669520340336,26.19225499358865,27.39687654276152,29.013853578823483,32.719991899037,35.552492795267106,27.792903900146484,0.8182097896933556,0.8678819984197617,0.2099577914923429,36.336629,9958b2bcc4,6653a35,6.148923202777044,8.335412907204276,10.613533384875426,13.314288023744403,5.891371702430075,7.788457450974308,9.99555083481616,12.655818300773072,14.006454035963566,14.153643976636646,20.166814120465563,21.24481335341374,2d32247a64,ebe32e1,5.794605849507053,8.490428584483693,11.450489922415914,15.023859471402243,6.089417800541477,8.244618105351787,11.072607563019153,14.409501343940326,15.784262371548808,15.198037624422495,22.26965359833355,22.49623606246497,9.929465350675663,13.827502013575149,19.457701510096978,25.882535933546357,10.623582027286494,14.693401141388117,20.17266016820089,25.957980533690428,27.396876542761518,29.013853578823483,32.719991899037,35.552492795267106
data/video/waterloo4k/ref/12.mp4,data/video/waterloo4k/dist/HEVC_12_1080p_2.mp4,26.3,HEVC,2,all,11.413378142115908,16.19238372539538,21.491888778424297,12.467933188241354,17.400401586524215,22.32032301077697,21.71383905668433,22.42986522618764,27.01286429777839,29.097681683352423,29.49818563461304,0.8456530645489693,0.9093754589557648,0.1746324524283409,57.693279,9958b2bcc4,6653a35,4.682287713354335,6.508528799360928,8.600269993158976,11.128745637901606,4.468787119784609,6.122947991407735,8.081700638599811,10.552314723127347,11.447666798376336,11.500796290485567,17.290122239721562,18.44012380777696,2d32247a64,ebe32e1,4.539805208724313,6.895454167739612,9.568134218780006,12.700894806344785,4.676901228261626,6.540577575103397,9.095847920155474,12.134125176116854,13.116979346290842,12.494606265809654,19.25601416929078,19.58321081353137,7.990138681566502,11.210821383735558,15.89652834964814,21.4367337548692,8.776056457567439,12.235941663577439,16.989080624731663,22.10061758913187,21.71383905668433,22.429865226187637,27.01286429777839,29.097681683352423
data/video/waterloo4k/ref/12.mp4,data/video/waterloo4k/dist/HEVC_12_1080p_3.mp4,56.08,HEVC,3,all,9.295443717990937,12.993461284943672,17.408603091392138,10.306657557991349,14.429234834767575,18.55104955084392,16.866670375315945,17.13626040282015,21.76927076752356,23.560934809093823,31.121283054351807,0.8779759928584099,0.9407167285680772,0.134064070880413,74.294563,9958b2bcc4,6653a35,3.345955816325493,4.791252096182158,6.551860249597447,8.865501156070705,3.3478672223731625,4.663329202587888,6.313043231062577,8.522797585862003,9.13264957279386,9.155417420742802,14.476105239654274,15.678710481304494,2d32247a64,ebe32e1,3.3955186432826707,5.336867456677649,7.614611944378818,10.384667293304734,3.5308564734824186,5.094611182870535,7.265390683569388,10.018207639600517,10.75155346757365,10.16262401397224,16.28132043629235,16.736024663059084,6.446941988176769,9.110844384013452,12.780144790581408,17.338770080999197,7.192707928200134,10.097151947709769,14.071044767261782,18.36091452778845,16.866670375315945,17.13626040282015,21.76927076752356,23.560934809093826
data/video/waterloo4k/ref/12.mp4,data/video/waterloo4k/dist/HEVC_12_1080p_4.mp4,76.69,HEVC,4,all,7.503928824395256,10.337622242104462,13.846881383138092,8.327869003397948,11.808629082902296,15.068313932813853,13.15893378712734,13.328876684352924,17.2477930841013,18.92905592799586,32.6442449092865,0.9056075736880302,0.9614308103919028,0.1036285422742366,85.68183,9958b2bcc4,6653a35,2.4871412028041666,3.596139544639411,4.945576797823163,6.842132046150962,2.5244724111989334,3.6150366235990985,4.964238295715799,6.842224874348649,7.1074082724830765,7.214800493227375,11.78855137510148,13.12941326239471,2d32247a64,ebe32e1,2.5833045486159114,4.051367810121514,5.921773693254891,8.21815143334648,2.738755820340858,4.016532854697795,5.820017270786838,8.176578430008638,8.57053000105464,8.173623271822537,13.362441325616436,14.014994119077464,5.1807654339420965,7.365244442314039,10.176918338204734,13.796109378088012,5.787593196917706,8.226721085544103,11.489870835018987,14.924336463069809,13.158933787127339,13.328876684352924,17.2477930841013,18.92905592799586
data/video/waterloo4k/ref/13.mp4,data/video/waterloo4k/dist/HEVC_13_1080p_1.mp4,0.74,HEVC,1,all,22.984502132020086,32.536921612306394,45.22387497548006,20.52758691355144,29.373956020552683,41.43950904820483,49.01417710096504,55.88342440118299,62.97110872986094,69.10450747151636,22.335625886917114,0.3307961523532867,0.6716155707836151,0.4158568233251571,18.470817,9958b2bcc4,6653a35,11.931203369880784,15.63044174038705,19.846485724315748,25.097551069818515,7.7374174973336975,10.282719747660906,13.535164493706905,17.407246586813518,23.620172239445964,20.6729179690124,37.2112409445952,31.256962725303865,2d32247a64,ebe32e1,9.114740326028905,14.5988846757845,20.50262946035992,26.246581372674832,6.873422892616326,9.990469396368002,14.550299187169903,19.318619434479476,25.51144705753161,22.74854273897179,39.4976172392478,33.9020185651676,16.314269689686157,23.107957653353523,32.57434311831696,45.01033935446067,14.608083282321044,20.640508935848928,29.255908075953357,40.86004757154387,49.01417710096504,55.88342440118299,62.97110872986094,69.10450747151636
data/video/waterloo4k/ref/13.mp4,data/video/waterloo4k/dist/HEVC_13_1080p_2.mp4,30.29,HEVC,2,all,18.444179036376973,26.05504796180564,36.686661510861136,16.334979649050307,23.68012052144491,33.582273657450685,36.49945067946015,38.26327045092442,50.82190139714466,52.595968833172,23.56338858604431,0.5094268769025803,0.8127252459526062,0.2942389063537121,44.129888,9958b2bcc4,6653a35,7.473046092718828,10.421884470968218,14.17374126086532,19.462930902648992,5.202561219060053,7.178703830151393,9.431750434556973,12.578081100102931,18.27830014678891,14.507458971653476,31.51898057479984,24.89342180859876,2d32247a64,ebe32e1,6.5983112703426485,11.220088570733086,16.548035664686648,21.58604238390077,4.684844142027146,7.139174633351926,10.61769570993258,14.750136229322404,20.97732655076736,17.047181571630333,34.45985575906473,28.203162195915567,12.80158159200315,18.409031707976737,26.05538938569215,36.4338532024776,11.318280423985856,16.309408720748724,23.476773410554266,33.130483497340904,36.499450679460146,38.26327045092442,50.82190139714466,52.595968833171995
data/video/waterloo4k/ref/13.mp4,data/video/waterloo4k/dist/HEVC_13_1080p_3.mp4,69.62,HEVC,3,all,14.80606158077466,20.537008792995493,28.0466581968466,12.926190726883297,18.8631174440237,25.9505026707998,24.97042928880454,25.200638820483285,37.59927695370492,37.97724815680405,25.48248720169068,0.7071035280823708,0.9035987854003906,0.1999896243214607,67.909469,9958b2bcc4,6653a35,4.505859203032716,6.6322780254501925,9.429338930730683,13.82010223936032,3.378550163425057,4.768293165370838,6.433045077248555,8.921875427566759,13.413766527770932,10.19703883028657,24.76504999209248,19.17098556731161,2d32247a64,ebe32e1,4.647883201055738,8.067744597092247,12.267771539133625,16.42134431658439,3.346671120838858,5.226837994851497,7.922228111207238,11.362270400745969,16.295660396091684,12.66694486881388,27.77680265961529,22.39590755953058,10.00263179479609,14.595645103507717,20.430635378494575,27.866814613253755,8.693548004633925,12.7829210452787,18.55014849909237,25.643778995773655,24.97042928880454,25.200638820483285,37.59927695370492,37.97724815680405
data/video/waterloo4k/ref/13.mp4,data/video/waterloo4k/dist/HEVC_13_1080p_4.mp4,83.39,HEVC,4,all,11.387624086275515,15.32464155614946,19.947635191150813,9.83844820176428,14.324522474495073,18.80250025011348,16.35660912159935,16.546838344284822,25.634383851323825,25.95111462031296,28.15317344665528,0.8650955259799957,0.9576214477419852,0.1272730454802513,88.597094,9958b2bcc4,6653a35,2.646093664853523,4.015782037774018,5.8590650756250815,8.992509161716743,2.1374005584562936,3.0994981097975445,4.235130242706086,6.044975396383115,9.119426226887391,6.818570398470646,17.547281968788997,13.695238686605848,2d32247a64,ebe32e1,2.9664522313634945,5.18918818844523,8.120640920516122,11.249633740714936,2.2375153168095423,3.546636228884922,5.481205755422745,8.152244432006121,11.526814711351594,8.898564177859832,20.01354702861909,16.351833991919438,7.398864798205467,11.07398481172385,15.159506033144527,19.833083859111493,6.3582508490108935,9.605870943154404,13.950253591659417,18.610529046264,16.35660912159935,16.546838344284822,25.634383851323825,25.95111462031296
data/video/waterloo4k/ref/14.mp4,data/video/waterloo4k/dist/HEVC_14_1080p_1.mp4,3.17,HEVC,1,all,26.57138121288668,38.58185545450737,52.36875743581371,23.43276270483182,33.76805795839095,45.9141540578358,65.78488521725089,62.6994369262527,79.86839188297618,77.74065105003683,21.65575075149536,0.5086482800543308,0.7771247774362564,0.3705797083675861,37.377474,9958b2bcc4,6653a35,11.7806858160382,14.837103453867162,18.846669946667323,24.746662569922623,8.017202776022799,10.664734849240372,13.467458216062584,17.26857166950651,28.63634256249295,22.447035269607863,39.81569688738261,32.93126872871751,2d32247a64,ebe32e1,9.314982652960293,14.439316210103456,20.873559959218596,27.216423136674155,7.888198086516592,10.930293079366274,15.471495598548584,20.583845752510264,32.09204001918192,25.41395817901468,43.1601051636158,36.40874895024643,18.151490314764036,26.765005733632613,38.480342453921764,52.07488609883877,16.469467465952278,23.389770736842856,33.39774670338227,45.33979326858136,65.78488521725089,62.6994369262527,79.86839188297618,77.74065105003683
data/video/waterloo4k/ref/14.mp4,data/video/waterloo4k/dist/HEVC_14_1080p_2.mp4,31.4,HEVC,2,all,21.248755115620845,30.54741984708308,41.33842765014094,19.38882986361541,28.023515091281627,37.7998849049587,47.3677774927692,42.52098714204763,60.94319810098081,57.61454363637478,23.783207178115845,0.6759241074323654,0.8818979188799858,0.2762523666024208,57.061902,9958b2bcc4,6653a35,7.228398567165114,9.890921975448702,13.432495107758138,18.83327161165549,5.170945697744959,7.308884403355867,9.567183102038683,12.806456019548875,22.02189015355082,16.42114349100714,32.50015387865464,26.61277325491244,2d32247a64,ebe32e1,6.816963378523614,11.130232834004325,16.731665298386368,22.06928855478701,5.580703716306081,8.147663317410368,11.976346784765376,16.531673202433876,26.002305882245285,19.84790495379015,36.13379770616316,30.396979523231288,14.402152978695684,21.347630339359846,30.363471712383465,41.06942249398277,13.429443073101062,19.261745783195643,27.591815470259007,37.36916629848397,47.3677774927692,42.52098714204763,60.94319810098081,57.61454363637478
data/video/waterloo4k/ref/14.mp4,data/video/waterloo4k/dist/HEVC_14_1080p_3.mp4,67.38,HEVC,3,all,16.542985871541465,23.48363322636636,31.17101970063293,15.630139901675458,22.478176214148395,29.685865240763547,33.06188271997313,30.19096263036904,44.2660672602995,42.5763854289136,26.36320734024048,0.8069067224860191,0.9389465227723122,0.1999401226639747,75.3504,9958b2bcc4,6653a35,4.64155630919911,6.700180687531863,9.402279494239956,13.77025243290914,3.587975415352892,5.270192867564537,7.020504348548144,9.6839858049228,16.424478166672003,12.206626008898535,25.321691582025,21.081924944290297,2d32247a64,ebe32e1,4.871802357247685,8.145421787672543,12.51090276167101,16.911426816330767,4.11584381240177,6.175664737767757,9.214472408663424,13.098947153661772,20.07503719112614,15.42873216979242,28.61945445886328,24.545035873079147,11.083176422920554,16.48249605146095,23.284013376792757,30.989491435109713,10.636260315216152,15.39918476770799,22.032141354973803,29.37776826841374,33.06188271997313,30.19096263036904,44.2660672602995,42.576385428913596
data/video/waterloo4k/ref/14.mp4,data/video/waterloo4k/dist/HEVC_14_1080p_4.mp4,80.06,HEVC,4,all,12.698457242721055,17.772940197369632,23.11787296476557,12.284752266310823,17.552845103168327,22.757419675768872,23.9764271045888,22.126481432268207,32.63712760628104,31.663849862620285,29.089035987854004,0.8950791358947754,0.969631403684616,0.1426411159336567,88.748452,9958b2bcc4,6653a35,3.090241128130311,4.571857367355752,6.521554202208344,9.887467155932482,2.5631730893657747,3.804417908064473,5.132085647097274,7.233979578931701,12.112387399376445,9.001657386336628,19.229257084009504,16.30059654922843,2d32247a64,ebe32e1,3.431655162938978,5.798152279038696,9.095252158773008,12.609780760030684,3.0092693813403706,4.560559003597363,6.912297669082945,10.145442529523937,15.150593439445956,11.81818079715004,21.988305191295368,19.26267677141852,8.373443430396456,12.536736939961955,17.555956398670553,22.993041768926478,8.207573779701475,11.998541584400494,17.11655078367077,22.52279415528365,23.976427104588794,22.126481432268207,32.63712760628104,31.663849862620285
data/video/waterloo4k/ref/15.mp4,data/video/waterloo4k/dist/HEVC_15_1080p_1.mp4,3.5,HEVC,1,all,12.89445444273124,16.679625978736073,20.413034897177315,17.166949828445166,21.40702776087637,25.45400765271977,22.908607934013915,27.12017153469065,25.3424997644574,31.85925921558933,26.29240202903748,0.787628285586834,0.8306605890393257,0.1875990182161331,9.141651,9958b2bcc4,6653a35,6.78908892627485,8.730497533422211,10.295175044464616,12.059098114844444,8.42017025936265,10.937911543596742,13.807627444199722,16.56616734622746,11.258296111690305,16.509009877950543,16.31538476684911,24.02843031196245,2d32247a64,ebe32e1,7.115827930959308,9.275808081165987,11.51521331589525,13.76197751029613,9.21947365199667,11.95245738440175,14.78330930917903,17.681052175084673,12.71757981824414,16.8576374731861,18.23108141915652,24.369390301878763,9.656217062687176,12.588063965544295,16.44672254012974,20.344202742688044,13.19725883227404,16.790692846238176,21.06584054960835,25.309435472888342,22.908607934013915,27.12017153469065,25.3424997644574,31.859259215589326
data/video/waterloo4k/ref/15.mp4,data/video/waterloo4k/dist/HEVC_15_1080p_2.mp4,21.49,HEVC,2,all,11.225939941134136,14.54947862772488,18.04557096715872,15.424376805605748,19.30710603020864,23.08765013872617,19.99996786114972,23.486826592943167,22.49596453611528,28.286172309899275,27.250418424606323,0.7974688336253166,0.8611630573868752,0.1747061628848314,24.645934,9958b2bcc4,6653a35,5.988710750100079,7.89097908660782,9.462655501303669,11.227299357464448,7.354416101852562,9.763631779007865,12.737709704049571,15.544428862014849,10.080551068365208,14.898805114659512,15.252380748083135,22.76012363085162,2d32247a64,ebe32e1,6.305743557997671,8.447362744429057,10.63779370342878,12.881043765560904,8.137864213987692,10.880086520426,13.683357413143357,16.629192540699744,11.501386766162629,15.292603501285653,17.129105792737374,23.112403036752816,8.450197287519272,10.941322138393897,14.3456615761609,17.970720478319386,11.880312765159436,15.0689928298681,19.02017415782244,22.966065458817525,19.999967861149713,23.486826592943167,22.495964536115277,28.286172309899275
data/video/waterloo4k/ref/15.mp4,data/video/waterloo4k/dist/HEVC_15_1080p_3.mp4,52.65,HEVC,3,all,9.39298704783772,12.31507447722415,15.562392207618815,12.683063953026975,16.03534501925277,19.42866143438184,17.402542678261163,19.26932823558296,19.722537104759944,23.92908044855216,27.85994243621826,0.8110990822315216,0.8995763137936592,0.1493485197424888,47.751459,9958b2bcc4,6653a35,4.647785288471318,6.421279656874727,7.966910415442613,9.712915564328028,5.461670942265072,7.555362075622187,10.41069297909864,13.186262606018907,8.440685433853208,12.021041105822878,13.489375702230904,20.046920003268124,2d32247a64,ebe32e1,5.000513813321267,6.988948886083485,9.106435285056476,11.28625537858244,6.198482996180091,8.717501369746422,11.413687133883307,14.349699427949192,9.81495397703678,12.67813444938806,15.249913512438056,20.54977264278527,7.076293034559968,9.116386293380748,12.098945940624146,15.465048792232055,9.731585401415785,12.371653133136375,15.78387785834623,19.31702555250909,17.402542678261163,19.26932823558296,19.722537104759944,23.92908044855216
data/video/waterloo4k/ref/15.mp4,data/video/waterloo4k/dist/HEVC_15_1080p_4.mp4,75.0,HEVC,4,all,7.813678774596779,10.379958932460918,13.276005182805994,9.760661238486868,12.546067417325466,15.410795953234585,15.299147097183068,15.367784000799036,17.219586914548515,19.55124796520852,28.214959621429443,0.8281149417161942,0.9315645098686218,0.1187319951131939,68.914432,9958b2bcc4,6653a35,3.343829572925115,4.808265817400698,6.212763334407575,7.863208844324801,3.703789647328204,5.374352615758775,7.683029704876482,10.211179676409143,6.814099080408092,9.100458744558962,11.376276803931844,16.519846049277255,2d32247a64,ebe32e1,3.772068952300343,5.402919316610228,7.315998446886201,9.337297897500774,4.405704450990815,6.412099744712251,8.771904829332644,11.480347343599831,8.11446384118326,10.021356475138814,12.964220069349746,17.20392935914023,5.8654871278634095,7.538036628460067,10.14907404993406,13.157185573339904,7.3695610163061325,9.502573869273062,12.316638270454211,15.303650085277603,15.299147097183068,15.367784000799036,17.219586914548515,19.55124796520852
data/video/waterloo4k/ref/16.mp4,data/video/waterloo4k/dist/HEVC_16_1080p_1.mp4,5.81,HEVC,1,all,26.188725044530287,36.86795959504877,48.95238875423848,24.83712277099552,34.46573717744291,45.32842257959886,49.75921882825772,46.66008577720714,62.47168352682503,61.06712275394439,21.72756052017212,0.6730562821030617,0.8266891688108444,0.3631138019263744,43.155315,9958b2bcc4,6653a35,9.96169655693956,13.403640244075582,17.062802713803947,21.712440243794155,7.661778505344547,10.33927908444704,13.436722701900692,17.06799853810281,21.403479002761,18.47466244111736,32.578128278626934,29.131224004066457,2d32247a64,ebe32e1,9.017762087869988,13.361354819489852,18.39264024244183,23.536891630781668,7.96210214408393,11.092627412117146,15.177419825872931,19.88037813943792,23.532350309263222,20.4419078681526,35.25264648891848,32.000390288833906,18.795412636154868,26.142719009356092,36.43581882478583,48.75768074759879,17.33176559303112,24.447510603100692,33.89527460883162,44.85456727246619,49.75921882825772,46.660085777207144,62.471683526825025,61.06712275394439
data/video/waterloo4k/ref/16.mp4,data/video/waterloo4k/dist/HEVC_16_1080p_2.mp4,23.27,HEVC,2,all,21.70063898226892,30.38782459683528,40.48363003915856,20.892428860216302,29.135311544313023,38.3529307373319,39.41566968198679,36.85477547208308,51.42272099112278,50.4559830806783,23.3548424243927,0.7441339194774628,0.8827340453863144,0.2972599677741527,60.682214,9958b2bcc4,6653a35,7.609997295023253,10.617072929342395,13.842615154242774,18.074560870776,5.973954513091839,8.211884477561837,10.912020842529484,14.172045655153592,17.523544113916508,15.002485768661526,28.02774675777329,25.172391008881217,2d32247a64,ebe32e1,7.21474659538843,11.068585074610668,15.51908874264922,20.15864659928448,6.337619318393771,9.130919117451612,12.730828775545442,16.98966834325551,19.801358721574108,17.02468734431716,30.739729740143623,28.03222464033372,15.526734399894845,21.567310183719968,30.03118420136197,40.313362999483495,14.46505676986256,20.50156238463746,28.628924504744145,37.94686386961461,39.415669681986785,36.85477547208308,51.42272099112278,50.4559830806783
data/video/waterloo4k/ref/16.mp4,data/video/waterloo4k/dist/HEVC_16_1080p_3.mp4,57.63,HEVC,3,all,15.973784129118764,22.344677373674333,29.796506162299977,15.928518479703376,22.34320835977568,29.326970999872177,27.519013646214628,26.318981106408582,37.66999068545395,37.76606337987705,25.9789354801178,0.8260535150766373,0.9319320023059844,0.2197145204991102,77.683612,9958b2bcc4,6653a35,5.111803719970049,7.443349285213986,10.019503361772836,13.605671252732323,4.246223777597946,6.016450840133759,8.201438570603353,10.956494736753353,13.08114002252634,11.300552677041049,22.060052579262017,20.331950948448533,2d32247a64,ebe32e1,5.206552745355927,8.225709412658079,11.886319637963116,15.73533322883598,4.705034292989975,6.9797874933701385,9.951078674658625,13.575392541426144,15.26938916186849,13.220169099427435,24.566306326443502,22.90760680547934,11.257078359943325,15.796919372677387,22.05558681512513,29.66799022279506,10.845510466307259,15.556076072128242,21.89156555725532,29.022596697738642,27.519013646214628,26.318981106408586,37.66999068545395,37.76606337987705
data/video/waterloo4k/ref/16.mp4,data/video/waterloo4k/dist/HEVC_16_1080p_4.mp4,79.68,HEVC,4,all,12.012783552905832,16.726988058721197,22.1322100254713,12.263513312823685,17.311166539808752,22.49890362929411,19.702051700699627,19.26934367702772,27.72684124129048,28.3780511904478,28.5497043132782,0.8846643194556236,0.9596866071224212,0.1621330082416534,88.949527,9958b2bcc4,6653a35,3.512547464151853,5.2650049676536606,7.283479439283272,10.211786446453848,3.082277981898663,4.459359312397471,6.208450644833401,8.523815786496902,9.881844960975844,8.648367918539252,17.29116520288573,16.447993305101033,2d32247a64,ebe32e1,3.750022681485565,6.0578947174341415,8.979952206218949,12.173462241501037,3.490088341832724,5.306521765733027,7.749376641091882,10.835802667352372,11.8390102917478,10.384079464780283,19.47984583141568,18.646985896058712,8.306216080411911,11.789467493056522,16.46890774095768,22.037335273702585,8.201024191558476,11.905820863854776,16.89100244260936,22.267774190408424,19.702051700699627,19.26934367702772,27.72684124129048,28.3780511904478
data/video/waterloo4k/ref/17.mp4,data/video/waterloo4k/dist/HEVC_17_1080p_1.mp4,8.71,HEVC,1,all,18.31064208308581,27.094780045479062,36.31511296704955,18.28431798508458,26.476820254766672,35.40370119218425,37.34744134639039,39.016065369711406,46.29350338006614,50.16049893169098,25.079895496368408,0.7157010361552238,0.8795292675495148,0.2870780527591705,56.615681,9958b2bcc4,6653a35,8.17654775497533,10.81710959724257,14.324583724599352,18.88618986381376,6.364196187017025,8.5349490352242,11.0082229743487,14.250744716525729,20.95403063109149,17.681579461640318,28.82908024226139,26.38755318813845,2d32247a64,ebe32e1,7.683405367195695,12.08366150684416,16.759647437873546,21.11196569531173,6.823117722516757,9.50048324962043,13.221669913937133,17.491208511223732,23.436727689098348,19.88234339911992,30.927023853635827,28.927682616020306,12.833567423151111,18.42619685888472,26.774016535174194,36.120008288749005,12.775081573046727,18.209772269905688,26.013911413628918,34.96481647475475,37.34744134639039,39.016065369711406,46.29350338006614,50.16049893169098
data/video/waterloo4k/ref/17.mp4,data/video/waterloo4k/dist/HEVC_17_1080p_2.mp4,27.66,HEVC,2,all,14.17988543411697,21.11118745399636,28.52623986400606,14.952659033647285,21.851626830130773,29.304530640367645,27.22922108612421,28.92987131363762,36.22541343605731,39.93522931301639,27.461891412734985,0.8032391145825386,0.9321593046188354,0.2141836769878864,74.131701,9958b2bcc4,6653a35,5.407910307027565,7.636685594257469,10.665146321984333,14.84090259747826,4.5734737059864425,6.3526700826587605,8.464623969885999,11.33212007779032,16.744188638589595,13.901550939194326,24.237632744018867,22.33564972133385,2d32247a64,ebe32e1,5.500415526212409,9.122322682617265,13.255070561840297,17.256381803159126,5.053247096203218,7.326368564700059,10.52305252288584,14.467195826988572,19.37360795465481,16.348263177577607,26.39169361758344,25.00343741627128,9.737088677823563,14.17172345434753,20.824715909817577,28.367972154830632,10.267252242947004,14.83342812897184,21.382359180376994,28.938522946957097,27.22922108612421,28.92987131363762,36.22541343605731,39.935229313016386
data/video/waterloo4k/ref/17.mp4,data/video/waterloo4k/dist/HEVC_17_1080p_3.mp4,51.91,HEVC,3,all,11.270767244625883,16.527994971179474,22.06756862091669,12.52479261276113,18.20545948432504,24.030682183788745,19.934227462583777,21.832121410173468,27.80139144049866,31.486477083594828,30.077331066131592,0.8721386045217514,0.961554042994976,0.1567249856889248,85.194236,9958b2bcc4,6653a35,3.6648682479023353,5.454862476297175,7.804884196906314,11.38042094412498,3.498804995345469,4.966155616445229,6.65778322426036,9.159019858465271,13.285823330819916,11.109666522744147,19.940849668561025,18.87122190949547,2d32247a64,ebe32e1,3.8766307475775874,6.696791815942027,10.168834413484046,13.739083621077071,3.800938100214952,5.692716051138916,8.439424337714513,12.04855805946321,15.811307537967272,13.558254438818237,21.93480594101352,21.3819988905714,7.639673247864529,11.157259256995314,16.259608611760665,21.962668215998157,8.475516118450905,12.29435461794566,17.735203015327258,23.758362673078242,19.934227462583777,21.832121410173468,27.80139144049866,31.486477083594828
data/video/waterloo4k/ref/17.mp4,data/video/waterloo4k/dist/HEVC_17_1080p_4.mp4,74.3,HEVC,4,all,9.09011700083823,13.04805464294237,17.040046869849277,10.474391590011718,15.087961164883648,19.473360694379345,14.555402278497548,16.501834131661315,21.179639860554826,24.64705464251803,32.65291213989258,0.9205307066440582,0.9784750267863274,0.1130731673911213,90.943267,9958b2bcc4,6653a35,2.4817373200775976,3.816937553101815,5.587062012917679,8.44930941338645,2.526841504339433,3.694789744655273,5.014676892757935,7.097603108569807,10.291296598342155,8.57183910533414,16.063154867753095,15.463663948922964,2d32247a64,ebe32e1,2.7196823034332187,4.802250661299937,7.564376818850463,10.649795412059596,2.8697861165421688,4.363614130257008,6.589469966904217,9.737112526780816,12.609975353824934,10.972350613665094,17.86864449148661,17.775051866930525,5.9884896338549005,8.88104391483067,12.811616746184809,16.963959356624933,6.893907279937924,10.191317539260327,14.649224913732471,19.26696822162545,14.555402278497548,16.501834131661315,21.179639860554822,24.64705464251803
data/video/waterloo4k/ref/18.mp4,data/video/waterloo4k/dist/HEVC_18_1080p_1.mp4,6.38,HEVC,1,all,20.6528626866132,30.244338837843376,41.437390081337526,21.19129194237604,30.608177329092623,41.35917909674514,44.71757824613514,48.18033357560978,57.08376568632838,61.83486407391111,23.98896217346192,0.583862729370594,0.805799201130867,0.3420181535184383,28.091548,9958b2bcc4,6653a35,10.215001249831428,12.91084377749239,16.271409705483755,21.290903285526028,8.096930950270359,10.685916091712317,13.380873843112708,16.897968118174067,23.827792005869952,20.847529353212497,32.98711467371874,30.08046548828158,2d32247a64,ebe32e1,8.3148703673185,12.801722464300596,18.2407422557184,23.67449151110381,8.070883391905655,10.994727648475337,15.272464840252637,20.151891145394764,26.44825659272145,23.093455972206375,35.33135720490961,32.727445217602785,14.054606685013798,20.370931862821514,29.998870701197536,41.116986917321405,14.51511148092604,20.946500204547103,30.078010095153896,40.7061902786536,44.71757824613514,48.18033357560978,57.08376568632838,61.834864073911106
data/video/waterloo4k/ref/18.mp4,data/video/waterloo4k/dist/HEVC_18_1080p_2.mp4,37.38,HEVC,2,all,16.737973464753345,24.27662958397478,32.85855491873701,17.65365025108122,25.55551178785621,34.14789659939666,32.099332418659934,34.12590981412935,43.83440153224896,47.48620324790525,26.07884168624878,0.6920929774641991,0.8796831741929054,0.2609110716730356,51.080993,9958b2bcc4,6653a35,7.033311719620144,9.34757794715232,12.341172077091752,16.948135246394457,5.862981169745695,7.9656908334112,10.3305357458254,13.50337879849058,19.052428239467755,16.296152159185077,27.834021310431776,25.447251608787106,2d32247a64,ebe32e1,6.309891605625056,10.136959077488871,14.87882016918933,19.61820963601189,6.036444309888672,8.624801688747809,12.282464353205691,16.68384429093297,21.918983404713224,18.77474918934479,30.242286139967653,28.20074003073767,11.367525432584227,16.487055122209764,23.973855560323337,32.64412353816085,11.960167060820751,17.3360475224652,24.982166719926774,33.693173640237156,32.099332418659934,34.12590981412935,43.834401532248954,47.48620324790525
data/video/waterloo4k/ref/18.mp4,data/video/waterloo4k/dist/HEVC_18_1080p_3.mp4,69.95,HEVC,3,all,13.777034953988217,19.5640261118794,25.783169613667525,14.924286301000738,21.41551339969143,28.00142148360577,23.44393466357057,25.42707239817804,33.30652706570024,36.878514009274106,28.331384420394897,0.7897209823131561,0.926598884165287,0.1937160212546587,70.250905,9958b2bcc4,6653a35,4.852429876022276,6.737860395032083,9.176109779033808,12.995634262910167,4.248270482283918,5.992974917165332,7.917501562833255,10.646775136198812,14.96573559187888,12.676066278153762,22.63459481650432,21.129863021269387,2d32247a64,ebe32e1,4.754605093801924,7.688121894554836,11.54827979682988,15.60585619239004,4.66920597806512,6.7780028448709535,9.78084760819288,13.679044855469954,17.661597706289722,15.246986591722766,24.833878846118687,23.77721861105562,9.243958330160366,13.505128945812313,19.263734054890524,25.62322880275951,9.924670785205025,14.504124613833081,20.872394970286813,27.658982860650212,23.443934663570566,25.42707239817804,33.30652706570024,36.878514009274106
data/video/waterloo4k/ref/18.mp4,data/video/waterloo4k/dist/HEVC_18_1080p_4.mp4,81.46,HEVC,4,all,10.814162550982722,15.047795696354129,19.362108334741333,11.977462187316997,17.030778062913704,21.730101416851923,16.54630826820649,18.135813466799306,24.32634476240752,27.36791273370884,30.77449941635132,0.8681717291474342,0.9577671438455582,0.1391593134030699,83.656917,9958b2bcc4,6653a35,3.2961075056665607,4.7484800516966565,6.576869908292518,9.570836042758913,3.0064236394497152,4.340073408613492,5.875438957860109,8.100283809681843,11.207381414857824,9.479156617099898,17.57040401178787,16.843876486110485,2d32247a64,ebe32e1,3.369360910484194,5.540368167025838,8.480974868438516,11.77705304497149,3.3652682930891453,5.018029845600916,7.430460443412847,10.698534572824467,13.523571346508708,11.80778885804046,19.419657180856017,19.120879583357556,7.151599622400478,10.508181699485146,14.769302217069226,19.25188119787213,7.849181038967244,11.559223267486766,16.526222084552156,21.483680208935905,16.54630826820649,18.135813466799306,24.32634476240752,27.367912733708838
data/video/waterloo4k/ref/19.mp4,data/video/waterloo4k/dist/HEVC_19_1080p_1.mp4,6.12,HEVC,1,all,29.77216814669004,43.73058790878138,58.817827784051794,25.84803347163157,37.61825288113606,51.10211490203647,61.01158382303891,56.69972320973487,79.97170787258825,76.93837739396136,21.3325035572052,0.5786940231919289,0.8567415103316307,0.3520945124328136,42.115094,9958b2bcc4,6653a35,10.196742539943983,12.973417981673036,16.877029240421894,22.943447412601373,6.507260485772304,9.04669020600748,11.42606311417824,14.94430055198426,28.37843107073788,19.99754451937035,40.52591996746014,31.17729738728949,2d32247a64,ebe32e1,8.041632713153954,13.26950106478389,19.69693009521487,26.86259507721148,6.280636505987998,9.216594068943769,13.455829911112945,18.755852256454965,33.81567593535347,24.48259833340377,45.58429011724504,36.18311553378793,19.859649872397025,29.715688329122298,43.295328190409116,58.54412533992122,17.183099023730446,25.34415248264334,36.83789823619096,50.50344111738591,61.01158382303891,56.69972320973487,79.97170787258825,76.93837739396136
data/video/waterloo4k/ref/19.mp4,data/video/waterloo4k/dist/HEVC_19_1080p_2.mp4,27.08,HEVC,2,all,24.583622283099483,35.51252933811156,46.19216024093926,21.7892548178867,31.69508647203422,41.76584402270246,42.62318322569322,38.427405146699584,60.25881728871848,57.322349442477226,23.51349687576294,0.741235613822937,0.9224906265735626,0.254660002887249,63.558656,9958b2bcc4,6653a35,6.004059888255125,8.26455612338406,11.216479738519094,16.27112251184319,4.41359808175023,6.348590958073991,8.20320559507469,11.091577580469416,21.12681941938485,14.486546951293173,32.342051231996194,24.96423956053814,2d32247a64,ebe32e1,5.656602079277141,9.593335916237375,14.796323030805103,20.73546863652751,4.63622995449905,6.954226323034335,10.36191100872844,14.991598255848858,26.720210806192075,19.074306546426552,37.39557686012039,29.85696735187088,16.104527333289298,24.26193022493771,35.01155357402742,45.98348735817174,14.153923601397917,21.244156426685766,30.885450316609692,41.324029880405426,42.62318322569322,38.427405146699584,60.258817288718475,57.322349442477226
data/video/waterloo4k/ref/19.mp4,data/video/waterloo4k/dist/HEVC_19_1080p_3.mp4,67.53,HEVC,3,all,19.807206851745207,27.98848037808612,35.16362683022712,18.192236214827844,25.94155903503984,33.01268882711906,29.76223093141118,27.78790333978949,43.89450170195677,42.71666037660796,26.100937128067017,0.8545852079987526,0.9569712802767754,0.1809060610830783,77.521461,9958b2bcc4,6653a35,3.6009776039740675,5.346647960272589,7.608309724094936,11.554080227568544,3.098918835471056,4.524541400621786,5.996146414957285,8.395147316090547,15.616228983529142,10.65934887348553,24.846006278980465,19.5638369752358,2d32247a64,ebe32e1,3.984750587862061,6.805069607190188,10.787709078746218,15.5594999186904,3.4462093128933726,5.238546548222773,7.927796868498296,11.846317908678175,20.542446851583836,14.845720790736594,29.23305535816827,23.86184385825357,12.798694076080597,19.315624885454163,27.463582426190793,35.015147827655646,11.560134728250476,17.501630979556737,25.16760528363576,32.69060751036867,29.76223093141118,27.787903339789498,43.89450170195677,42.71666037660796
data/video/waterloo4k/ref/19.mp4,data/video/waterloo4k/dist/HEVC_19_1080p_4.mp4,78.59,HEVC,4,all,14.8979664944638,20.674565907802616,25.73617286169205,14.207409572310183,19.82966981706228,24.91610159174732,20.80002566115924,19.94648592792231,31.68371402913768,31.48317693129936,28.68023657798767,0.9164665192365646,0.9752558022737504,0.1301680095493793,85.867498,9958b2bcc4,6653a35,2.463932999598687,3.7149406123644937,5.390598750396064,8.31049199338334,2.2064683449525577,3.2698949066971266,4.416747824205141,6.322384941287995,11.376463156697184,7.824622400453984,18.610239311536706,15.077098878721824,2d32247a64,ebe32e1,2.8601862585165376,4.891042965709812,7.853726520566983,11.555647680534848,2.563367603711177,3.9132527562629296,6.032645543378517,9.216774783842592,15.27609465527332,11.295445141981142,22.117606269216346,18.59697494108191,9.518514210215823,14.47046191508373,20.2775092062155,25.62297474370993,8.91762755614763,13.591518245208622,19.22784546032505,24.658100479365565,20.80002566115924,19.94648592792231,31.68371402913768,31.483176931299358
data/video/waterloo4k/ref/20.mp4,data/video/waterloo4k/dist/HEVC_20_1080p_1.mp4,8.39,HEVC,1,all,21.46164013712578,31.503510657970413,43.45835180577842,20.30527168187984,29.249028246787063,40.22191820211241,46.48322592461068,48.103925098304416,57.82043521343889,60.79978629626814,23.49882674217224,0.6354886665940285,0.856632225215435,0.3204133920371532,43.546861,9958b2bcc4,6653a35,9.741367675744035,12.439962785425976,16.19969689827397,21.54653286402927,7.101800559977383,9.29387076427034,11.856697876011276,15.158942921303352,23.890749784434377,19.018576023937005,33.244164320444966,28.301325127408525,2d32247a64,ebe32e1,8.125605839370097,13.088247230862194,18.55659663286807,23.8975262850096,6.753164114920451,9.510966797230962,13.542294758633483,18.09931367447563,26.638022806379663,21.057683558138983,35.8252978401022,30.956089176320145,15.206977567815601,21.611753695538706,31.3449002147114,43.20470089237072,14.467263658279638,20.25357325545934,28.829880906466727,39.74542037205995,46.48322592461068,48.103925098304416,57.82043521343889,60.79978629626814
data/video/waterloo4k/ref/20.mp4,data/video/waterloo4k/dist/HEVC_20_1080p_2.mp4,36.96,HEVC,2,all,16.473800261232896,24.031653828694093,33.11671246194449,15.885198366093102,23.122689621443044,31.73903737080093,32.526649230381075,32.439218582168095,43.709611833394,45.23577151341693,25.79883646965027,0.745414488017559,0.9238637387752532,0.2319932281970977,62.462967,9958b2bcc4,6653a35,6.245019205978584,8.377898839041586,11.483881891783952,16.165877640861073,4.71609809074762,6.414561504323981,8.325015119017657,11.07877338271378,18.13778887780913,13.806357074976829,26.94634453889412,22.76448109619144,2d32247a64,ebe32e1,5.791329458652057,9.682230494516126,14.34492305039582,18.86849186339424,4.743222646840373,6.952233143732627,10.145821437528452,14.124341291074012,21.116318764213037,16.164099256751193,29.57004545990717,25.599652961524463,11.476443420581806,16.50713766210776,23.889708696635616,32.931625160777905,11.137284943187982,15.752749975001265,22.7458360655108,31.403119499607687,32.526649230381075,32.439218582168095,43.709611833394,45.23577151341693
data/video/waterloo4k/ref/20.mp4,data/video/waterloo4k/dist/HEVC_20_1080p_3.mp4,62.67,HEVC,3,all,12.92194872907756,18.53646350105588,25.000653449101687,12.747608708548238,18.55469140624959,24.999936828533468,23.099507812937297,23.445490988001445,32.27089091411368,34.070147798451075,28.380736827850345,0.8375158756971359,0.9584642872214316,0.1659181788563728,78.134729,9958b2bcc4,6653a35,4.19497370994705,5.843553243986451,8.258723473082641,12.092261447032204,3.4436855323974336,4.776574510353969,6.308075175510463,8.593484381992404,13.878640874230774,10.600146587725776,21.366623692858603,18.49761803216213,2d32247a64,ebe32e1,4.217748480703326,7.2009599456351205,10.97473120566609,14.704755540649218,3.600917998465272,5.378373152190719,8.029762486547316,11.41459442507604,16.563240178681067,12.847414779365597,23.660978905362512,21.05134653963,8.834401800805194,12.83203831038143,18.346203407622976,24.870771959301194,8.857207852336064,12.599427867191684,18.15690393632622,24.72483093080486,23.099507812937297,23.445490988001445,32.27089091411368,34.070147798451075
data/video/waterloo4k/ref/20.mp4,data/video/waterloo4k/dist/HEVC_20_1080p_4.mp4,77.28,HEVC,4,all,10.129011842859144,14.334794716670755,18.957386213964984,10.228657763551375,14.842690648876376,19.624718439305607,16.81155409864144,17.443760722152604,24.115582856678667,25.966998062989884,30.82867741584778,0.8999298587441444,0.976386457681656,0.1214168174192309,88.365414,9958b2bcc4,6653a35,2.907910590385243,4.125712853305215,5.9424155918493,8.997490109043138,2.567401896072452,3.597198142376546,4.812083486392457,6.700477201633795,10.561061603185513,8.146218016794194,16.791497538103727,14.92138792511254,2d32247a64,ebe32e1,3.1438983446162783,5.316835115668111,8.27786243176395,11.317084295088495,2.7695320462977637,4.1686701662577725,6.289821261487869,9.12239899863492,12.82767648412304,10.12833844000875,18.71662771074289,17.074262037289987,6.801594606127021,10.009344741532594,14.145612479926452,18.863024316658493,7.013189356030712,10.082210404682453,14.47810150546385,19.413065968041757,16.81155409864144,17.443760722152604,24.115582856678667,25.966998062989884
data/video/waterloo4k/ref/01.mp4,data/video/waterloo4k/dist/VP9_01_1080p_1.mp4,29.02,VP9,1,all,14.284074766900764,19.818139173224782,25.62478235664052,16.032877283622526,21.89077068228648,27.96657147154522,26.574200519295893,31.07642124697648,32.14522844801539,38.21457043530239,28.404897689819336,0.7968758568167686,0.8611607998609543,0.2255988512188196,41.296853,9958b2bcc4,a7a2254,7.049651992270801,9.802506332648369,12.688993018488196,16.27909775345003,5.430231487001131,7.592915288943223,10.150479834353384,13.156296283703938,15.782415486723858,14.263434886465356,23.001525081989936,22.571077021573835,2d32247a64,ebe32e1,6.57118796232392,9.984483004897728,13.736661926752532,17.447971057712174,5.920115227028951,8.416048883357789,11.517442163910502,15.35779707012591,17.1768226889072,15.87233615662703,24.1767598439645,24.271434867073516,10.321140576623748,14.153002840215274,19.512836339521208,25.522948167849083,11.276592402704633,15.698350292444646,21.443798685755173,27.612166932265794,26.574200519295893,31.07642124697648,32.14522844801539,38.21457043530239
data/video/waterloo4k/ref/01.mp4,data/video/waterloo4k/dist/VP9_01_1080p_2.mp4,57.26,VP9,2,all,10.686828101381122,14.91727064106924,19.435925680598995,12.41876788356436,17.026137622350088,21.81678218398124,19.05385305932241,22.240237891207897,24.266383348983915,28.913726466611585,30.791446685791016,0.8686915338039398,0.922230675816536,0.1647532936185598,55.552742,9958b2bcc4,a7a2254,4.89416635893064,7.084043777591184,9.41604644004402,12.356014195045969,3.905024969653647,5.561117782735914,7.646104139128202,10.155020161040074,11.807806868966376,10.680418557384026,18.22486693617565,18.17075869935554,2d32247a64,ebe32e1,4.688392077437435,7.402097898240437,10.430066391138336,13.510675730264364,4.269591621607296,6.257641707814959,8.78498508393482,12.027163160702228,13.167401623232555,12.163244671974557,19.38563009722298,19.735138335457112,7.6130249543987984,10.53247592933235,14.670475999719628,19.35249872757346,8.65435610548381,12.084536884921262,16.645369191038732,21.551943021833495,19.05385305932241,22.240237891207897,24.266383348983915,28.913726466611582
data/video/waterloo4k/ref/01.mp4,data/video/waterloo4k/dist/VP9_01_1080p_3.mp4,74.54,VP9,3,all,9.148315116135391,12.811128943053076,16.80925971929731,10.867561822034856,14.94795416673305,19.18485870571763,16.092821646275038,18.609759348400267,20.983444227309896,24.94628476172526,31.91979122161865,0.8948905020952225,0.9430009201169014,0.1409494923427701,61.624847,9958b2bcc4,a7a2254,3.987755085968492,5.920201208458443,8.005890972059278,10.688346806937105,3.240135720230216,4.698200112255329,6.548052388296825,8.843567714901877,10.1817778917079,9.156939692121298,16.16146654216309,16.25509364185331,2d32247a64,ebe32e1,3.913283135338845,6.289708169526098,9.001506176060348,11.823733201027585,3.5737808793139183,5.333085712505866,7.599757765372932,10.584535175076727,11.516020065425288,10.613453458948053,17.30320837446191,17.746950774141037,6.471553913515825,8.997245764504452,12.596730336309912,16.733017639333237,7.585107036984528,10.565490209108361,14.596025244630626,18.95682166923222,16.092821646275038,18.609759348400267,20.983444227309896,24.94628476172526
data/video/waterloo4k/ref/01.mp4,data/video/waterloo4k/dist/VP9_01_1080p_4.mp4,82.28,VP9,4,all,7.9665213666086,11.182652622053828,14.701410791597713,9.630217933684383,13.312002683134908,17.038830783113212,13.603309830247472,15.654389535459543,18.243495043142367,21.727053848301704,32.91914391517639,0.9151529148221016,0.9574810937047004,0.1203080713748931,66.860189,9958b2bcc4,a7a2254,3.2067864588289217,4.898437019360289,6.794610402599213,9.262187776953272,2.690688515067438,3.9725838488617615,5.619170633341324,7.728357351522312,8.852822411910783,7.927181971801414,14.455511079697471,14.652731076488026,2d32247a64,ebe32e1,3.2636232811935946,5.355615236823462,7.81079255328421,10.444982074084862,3.008399172949173,4.580799454292001,6.64042945125109,9.432177021432937,10.204147918505338,9.405537549789187,15.606255785750424,16.130425715826714,5.587799508859597,7.8194379288906175,10.981317173204703,14.628953643844289,6.688788619624132,9.343844001833016,12.973930188361225,16.843698533356406,13.603309830247472,15.654389535459543,18.243495043142367,21.727053848301704
data/video/waterloo4k/ref/02.mp4,data/video/waterloo4k/dist/VP9_02_1080p_1.mp4,39.72,VP9,1,all,5.267527058445431,7.247448587356963,9.349683172804506,5.705147193979024,8.052015362675164,10.15013584083646,8.838317847279388,9.674622128621046,11.624675623152063,13.187060633567336,37.07640838623047,0.9831415563821791,0.991557739675045,0.0736871855333447,91.391792,9958b2bcc4,a7a2254,1.7565040126388762,2.4711861963675075,3.359608531198049,4.522318884542597,2.449630191685938,3.2848636165740865,4.243870655923317,5.4430654040543285,5.11399448161896,6.281491127889681,7.823606683308567,9.434544890100698,2d32247a64,ebe32e1,1.734202049842422,2.6832170069301124,3.837837572192156,5.075187361598875,2.500028019986485,3.47247544838154,4.6293450256217765,5.878736444093039,5.644844315766659,6.220399014930876,8.427375865396613,9.313719573584962,3.5809938473990837,5.1483792314719725,7.141618588559118,9.314603094428241,3.9460112453393266,5.621943067018792,7.875723275772621,10.087476995505723,8.838317847279388,9.674622128621046,11.624675623152065,13.187060633567336
data/video/waterloo4k/ref/02.mp4,data/video/waterloo4k/dist/VP9_02_1080p_2.mp4,65.79,VP9,2,all,4.105251876372983,5.541825760682532,7.095572569381316,4.205555946711784,6.011870879887594,7.559849235101088,6.699515306676362,7.039250666636232,8.836646216021222,9.739666500178458,38.38355875015259,0.9894443601369858,0.9959997162222862,0.0542666153050959,94.60624,9958b2bcc4,a7a2254,1.3086842804523962,1.7573367004714413,2.344062224890181,3.2032921445082696,1.5921451117476313,2.181404415173835,2.9011514044825697,3.853798888246242,3.6654143777811017,4.446971684233834,5.899339862035437,7.051660777682853,2d32247a64,ebe32e1,1.3009854061992696,1.9404545375881892,2.780329659164523,3.717731256147996,1.711023494005125,2.407689413332084,3.264345593773744,4.255422582878398,4.171066963151229,4.400521890618535,6.473674309643996,6.97117671709837,2.814231339663122,4.015011580998023,5.453217972889211,7.065634799766578,2.9494735051960235,4.215930052763339,5.8582722350941365,7.507569657446241,6.699515306676362,7.0392506666362324,8.836646216021222,9.739666500178458
data/video/waterloo4k/ref/02.mp4,data/video/waterloo4k/dist/VP9_02_1080p_3.mp4,73.08,VP9,3,all,3.6341567228966,4.880083520840955,6.226314515807922,3.622947744982403,5.132085577412569,6.452686682863809,5.965827615932953,6.092331236958302,7.819819134708482,8.43352296136051,38.61569690704346,0.9914240464568138,0.9970376938581468,0.0448279911652207,95.496399,9958b2bcc4,a7a2254,1.1201689557698349,1.4798065757976056,1.9695133969543013,2.721823664902679,1.3035343636368184,1.7756078857837787,2.367577328703053,3.1774475774785103,3.10023818100869,3.61341215979072,5.165345048558964,6.066402103695309,2d32247a64,ebe32e1,1.0958234207565594,1.629091092240563,2.356276536534075,3.210904884636808,1.3976185387886035,1.9634966242216976,2.700610805227861,3.592647350159069,3.583365338574389,3.67611563090998,5.7063531596791615,6.044774540845096,2.4839363310658324,3.5310990925842187,4.799186975695921,6.198728497547319,2.5090571609575196,3.579044415484788,4.988403784815931,6.403947481546443,5.965827615932953,6.092331236958302,7.8198191347084824,8.43352296136051
data/video/waterloo4k/ref/02.mp4,data/video/waterloo4k/dist/VP9_02_1080p_4.mp4,77.77,VP9,4,all,3.267483624940452,4.372486018904967,5.596340038008951,3.2039326370666994,4.590421950262295,5.779008441107625,5.45736561148853,5.51130515749509,7.04960943824361,7.575769400471794,38.92833471298218,0.9925746917724608,0.9976512417197227,0.0407676650211215,96.385382,9958b2bcc4,a7a2254,1.0102589654588383,1.2975365950453028,1.7239931632227763,2.3985565727572764,1.121920221182399,1.4929967852664532,1.983650578409348,2.7150248076076555,2.789055399525043,3.0981033406626954,4.689632019926798,5.389935833649881,2d32247a64,ebe32e1,0.9978122360714194,1.461233384467848,2.111911597780077,2.898058164713139,1.2430499100098136,1.7377319796847142,2.379356535841672,3.1978487334765733,3.278551163441585,3.2798956573712754,5.222147977486644,5.481914935781466,2.2345367386440236,3.174201868206239,4.301235157697945,5.572739167521088,2.2021580089014297,3.177943639541167,4.463191022717127,5.734023413417078,5.45736561148853,5.51130515749509,7.04960943824361,7.575769400471794
data/video/waterloo4k/ref/03.mp4,data/video/waterloo4k/dist/VP9_03_1080p_1.mp4,29.18,VP9,1,all,12.009688519354246,16.92776372706077,21.355210987389423,11.749673838856934,16.795076211822842,21.543895003602984,21.233571332778418,24.02134089555389,27.5330753132674,31.202314814258035,30.382344007492065,0.8585424795746803,0.9443442896008492,0.1505844518542289,78.670719,9958b2bcc4,a7a2254,3.958324443238297,5.446847061812185,7.490757731191511,10.481414263171134,3.853179831938412,5.187858603618276,6.879842041414634,9.228037381167985,12.468291845485068,10.952331209464676,18.733030192998463,18.26423706315891,2d32247a64,ebe32e1,3.94642360640092,6.338634871646774,9.290350334657338,12.44467220826466,4.040958350666685,5.728680353043038,8.189877958261766,11.231575395543748,14.733029835079336,12.54847123762936,20.519620252147902,19.755698818397253,8.1039064229908,11.859482273425817,16.634445088805204,21.27186133142029,8.210372658564584,11.635030951235414,16.366688023777925,21.341522770815725,21.233571332778418,24.021340895553898,27.5330753132674,31.202314814258035
data/video/waterloo4k/ref/03.mp4,data/video/waterloo4k/dist/VP9_03_1080p_2.mp4,52.32,VP9,2,all,9.152019578025792,12.791919014064227,16.100227963273078,9.072771815046268,13.077802902502922,16.754805203008093,15.72699534942855,17.587497772455244,20.7745730580002,23.644655719847297,32.38287591934204,0.9068230539560318,0.9680350571870804,0.1078716106712818,87.391457,9958b2bcc4,a7a2254,2.718307541326872,3.802675149747356,5.350289364592006,7.828028390863128,2.560916486959964,3.586980705358756,4.891234594506546,6.798295585117281,9.527358489515876,7.941768639848163,14.89373692341053,14.504750131416152,2d32247a64,ebe32e1,2.9414817121534766,4.737477007082901,7.139302304423831,9.708638441560511,3.0139620252506525,4.313381312335364,6.240325210698178,8.781898691781917,11.519332682236014,9.611792010760094,16.436902981783653,15.936322995275328,6.166088182362584,9.003363722470164,12.5546783846031,16.04052436361546,6.338610027846288,8.998826135800002,12.739440247591746,16.60575665081007,15.72699534942855,17.587497772455244,20.774573058000193,23.644655719847297
data/video/waterloo4k/ref/03.mp4,data/video/waterloo4k/dist/VP9_03_1080p_3.mp4,66.3,VP9,3,all,8.081779435495264,11.223697814514196,14.03021032478888,8.102925670568625,11.586090148619844,14.656254685000585,13.538147470025802,14.66344312803789,17.972805726479177,20.11873477059458,33.30170035362244,0.9278623536229134,0.9761021733283995,0.0909223770722746,90.253884,9958b2bcc4,a7a2254,2.2543761955112114,3.179461581290648,4.495906491195536,6.638491263069299,2.217557754678386,3.0947877896512628,4.243608956668775,5.921914052708673,8.20148080969353,6.817580752032633,13.05450950697545,12.860056565903388,2d32247a64,ebe32e1,2.5397028717048964,4.039345972971184,6.100438032682369,8.348427565074495,2.6270881703206443,3.773260914084575,5.440100212576601,7.718351747686762,10.007930305258103,8.38859121441503,14.457930769066088,14.163335513243968,5.422381088866526,7.939356969647586,11.014429858149612,13.967185801202842,5.626054092823873,8.010202488476967,11.268707657838677,14.532403321796881,13.538147470025802,14.66344312803789,17.972805726479177,20.11873477059458
data/video/waterloo4k/ref/03.mp4,data/video/waterloo4k/dist/VP9_03_1080p_4.mp4,77.86,VP9,4,all,7.204293311443501,9.965483390349844,12.460945995172455,7.196843716432904,10.313192448343166,12.980511582906871,12.196525987444726,12.731867144256723,16.025495898210742,17.606400760740474,34.03262996673584,0.9421892091631888,0.9809603691101074,0.0796006564050912,92.309199,9958b2bcc4,a7a2254,1.963543273830684,2.749691599112212,3.888999752704812,5.771363356817363,1.941819244912799,2.7105519902848574,3.736793197984452,5.269585430299381,7.160550553556724,6.019440785792084,11.550793510691095,11.536035180637402,2d32247a64,ebe32e1,2.225764228538804,3.5096509826651605,5.304564484418513,7.332389322844409,2.329048204110689,3.346787873103773,4.834331658729429,6.900318291136808,8.80390868512312,7.456754684315296,12.833175947206824,12.708777789906,4.813879236523597,7.066035862499913,9.772449788071672,12.407499889379158,4.963824079657706,7.104723135743664,10.009165187784028,12.874035326918863,12.196525987444726,12.731867144256725,16.025495898210742,17.606400760740474
data/video/waterloo4k/ref/04.mp4,data/video/waterloo4k/dist/VP9_04_1080p_1.mp4,30.5,VP9,1,all,14.347211964347022,20.359854562985653,26.179317242933443,15.81899468855537,21.69058495822734,27.491762349298607,26.3697330947116,28.30706263323475,32.378203598058136,35.905570904424515,28.269250869750977,0.8001686707139015,0.8842621445655823,0.2167222369462251,52.062033,9958b2bcc4,a7a2254,5.9660422089823095,8.418040462462812,11.150984475162712,14.557911227649855,5.86687355877818,7.804007377431365,10.189138503040532,13.21845210756521,14.66260129043182,14.171970287200333,22.022223691857924,23.03567168442007,2d32247a64,ebe32e1,5.903885726418536,9.149922029757128,12.709215344114911,16.619136321192443,6.0018850981224094,8.472507445601419,11.711138845065449,15.552227935152835,16.808590062074746,15.769811855009014,24.235331080532152,24.67198431414787,10.144256834858204,14.028928059081258,19.967113063621866,26.13939434467721,11.12484925414404,15.444168874323665,21.226535363262467,27.25452322560207,26.3697330947116,28.30706263323475,32.378203598058136,35.905570904424515
data/video/waterloo4k/ref/04.mp4,data/video/waterloo4k/dist/VP9_04_1080p_2.mp4,58.91,VP9,2,all,10.980484643881908,15.503687327697396,20.105159196088174,12.303879600523654,16.970923802638612,21.705543597518343,19.235566165089303,20.617974304242413,24.92856118369468,27.86316706875876,30.565412759780884,0.8557502403855324,0.9289502650499344,0.1663647033274173,63.747579,9958b2bcc4,a7a2254,4.294066104053173,6.180329107453286,8.382268598248325,11.286423698809894,4.458423367004176,6.015664890702002,7.987484350771193,10.552338491946731,11.21492185601992,11.011002413429924,17.989913869654785,19.244538362218574,2d32247a64,ebe32e1,4.348722164419135,6.925681314107753,9.889596171451451,13.1689869168211,4.5359326863567215,6.581107109235774,9.279721529169697,12.575638234984812,13.17867804767339,12.41996514375375,19.994921897893995,20.66237523017593,7.667565465846032,10.719196944191152,15.206276546381408,20.061345099842278,8.588708015775657,12.013289086884516,16.594634066665,21.506878484418763,19.235566165089303,20.617974304242413,24.92856118369468,27.86316706875876
data/video/waterloo4k/ref/04.mp4,data/video/waterloo4k/dist/VP9_04_1080p_3.mp4,67.17,VP9,3,all,9.643772446117374,13.570989667635962,17.605662891374653,10.914004523001095,15.08911074152386,19.304492463161363,16.44727548223639,17.631892432537224,21.82173525238194,24.51867361180806,31.628618240356445,0.8789282962679863,0.94516771286726,0.1441491171717643,68.458747,9958b2bcc4,a7a2254,3.614859159134604,5.277325023784492,7.258479618418874,9.896850217806856,3.840968172091958,5.24194967580346,7.049798058938565,9.408670817275496,9.812632420126222,9.679734446216992,16.21303450292291,17.558223651723857,2d32247a64,ebe32e1,3.721260233343813,5.991969516176216,8.68916697254975,11.673323167382184,3.925253488166765,5.763783913030485,8.241604232037316,11.305210272796067,11.66409888392789,11.004531837152138,18.100627323470693,18.863991261681623,6.705209581312682,9.3942995419548,13.303824736688007,17.562042447574825,7.610861537102392,10.652500555704957,14.740843565571755,19.130053083283336,16.44727548223639,17.631892432537224,21.82173525238194,24.51867361180806
data/video/waterloo4k/ref/04.mp4,data/video/waterloo4k/dist/VP9_04_1080p_4.mp4,78.48,VP9,4,all,8.516516234630169,11.967531505740077,15.523598273202586,9.64552368150398,13.435414281036374,17.19975437609923,14.287819417752116,15.41997555801295,19.24993916291371,21.81863553124513,32.55379343032837,0.8975000753998756,0.9571432396769524,0.1268506292253732,71.917483,9958b2bcc4,a7a2254,3.058081787446479,4.5302123361468825,6.318115833429405,8.747844675822757,3.343340331677509,4.605477990682324,6.2474746752130645,8.443627174325545,8.69633778082402,8.615389791162215,14.700787770967793,16.071574753596014,2d32247a64,ebe32e1,3.2164297537122097,5.2441905894820655,7.680698952956353,10.4244128201378,3.434193546822818,5.099847736142618,7.367914449155753,10.199654846335488,10.457647374569476,9.881521172274065,16.479902627990608,17.275783840122838,5.875315738878158,8.296623154318299,11.734475126486938,15.479786890815344,6.680936533726531,9.426428407853175,13.117525061148479,17.03848588851988,14.287819417752116,15.41997555801295,19.24993916291371,21.818635531245132
data/video/waterloo4k/ref/05.mp4,data/video/waterloo4k/dist/VP9_05_1080p_1.mp4,38.73,VP9,1,all,9.68892811739074,13.618812065805896,17.228423404306238,10.282417486162542,14.635857032676038,18.777454570318653,16.41996165997098,19.95160828802552,22.121823185152625,26.35176574465795,32.57343864440918,0.9158038049936296,0.9646045938134192,0.1372706182301044,81.75555,9958b2bcc4,a7a2254,3.441538294013681,4.775486507896365,6.362198486378598,8.540540227040086,3.971371423235648,5.20806865273916,6.750404204522754,8.826509689143354,10.742832633326785,10.713250665169667,16.16390715312842,16.615779011751403,2d32247a64,ebe32e1,3.612903422628812,5.37645138506824,7.376746148762755,9.968075768322102,4.036432188216002,5.668447735854641,7.635333797600151,10.123569622964556,12.767626303187551,11.575151728383316,17.872998318936066,17.44872434046739,6.486347128390278,9.550654735390333,13.385605359757472,17.178910207056198,6.908903242316267,10.003394790438595,14.357583084623274,18.631667921311536,16.41996165997098,19.95160828802552,22.121823185152625,26.35176574465795
data/video/waterloo4k/ref/05.mp4,data/video/waterloo4k/dist/VP9_05_1080p_2.mp4,63.87,VP9,2,all,6.599625162115347,8.999940050773171,11.101491027215388,6.843693110260034,9.781470299333114,12.205401375565142,10.063919962332756,11.295766098026862,13.9164981413058,15.83665244131079,36.12802648544312,0.9577472731471062,0.9861865639686584,0.0840103942900896,89.032916,9958b2bcc4,a7a2254,2.0449547314122047,2.9911423294513595,4.168676100022976,5.7600673571926535,2.3995262930197168,3.2568877117382544,4.383486677190238,5.99769820327466,7.522679022309736,7.255745649922608,11.52289065340442,12.017360765266774,2d32247a64,ebe32e1,2.235621884700832,3.6019425264059244,5.240787893458093,7.129517210816752,2.4639033293369588,3.641530411409572,5.323614588580793,7.302287085751919,9.319963677298691,8.526070947583221,12.925426876021085,12.853057458998288,4.25827568404609,6.4703241174515735,8.861988011947165,11.055193670431978,4.5004588926302915,6.7136145193933014,9.542648253834527,12.099884251758148,10.063919962332756,11.295766098026862,13.9164981413058,15.83665244131079
data/video/waterloo4k/ref/05.mp4,data/video/waterloo4k/dist/VP9_05_1080p_3.mp4,69.0,VP9,3,all,5.20231716082186,7.152536786493811,8.97168109595239,5.619224401863149,7.956483023348324,9.997716070665271,8.061003819706906,9.231328574681063,11.347808112016327,13.126611301879471,37.62317514419556,0.9697165489196776,0.9911899566650392,0.0677453083917498,91.269421,9958b2bcc4,a7a2254,1.60858270901656,2.387697359485958,3.378740833621446,4.756745091860847,1.869421448533868,2.6576613659640977,3.614279383358185,4.942197882526502,6.344418156957791,5.966757077148373,9.91631977425574,10.224610027907095,2d32247a64,ebe32e1,1.7829470330445931,2.888804021963232,4.337677271515717,6.004479722759319,2.022899688769935,3.043137561586488,4.43233796875105,6.158641370090535,7.934424668134453,7.127484507468629,11.275592008556917,10.979882701323666,3.42641370931239,5.126103398706442,7.036274314373468,8.926341473717422,3.7555408709723017,5.4978035529111615,7.781142329807756,9.907245477664915,8.061003819706906,9.231328574681065,11.347808112016327,13.126611301879471
data/video/waterloo4k/ref/05.mp4,data/video/waterloo4k/dist/VP9_05_1080p_4.mp4,78.47,VP9,4,all,4.4763343313497606,6.163980539064673,7.707337564296576,4.737872427641941,6.7102361985432735,8.4571038434655,6.922767219992902,7.474746914154624,9.739411203967906,10.90163286735063,38.66304445266724,0.9770371466875076,0.9939074143767356,0.0572551493532955,92.338838,9958b2bcc4,a7a2254,1.3656536926380365,1.997014253384474,2.8045863077509408,4.002972437194534,1.6013590613693,2.2442480846735533,3.034858954167202,4.210233781716177,5.399996431667421,5.075248654855751,8.728258970374943,8.849468525590947,2d32247a64,ebe32e1,1.5425174101306054,2.4230167773866764,3.622201579315623,5.137612152731751,1.7392687018094817,2.600087134111632,3.766932327824184,5.297274076568836,6.8658930368934,6.128533881444301,9.988315956673055,9.533524588909462,2.9362366881704167,4.36419979525517,6.037345276897572,7.672250214081469,3.185068165859615,4.664033234726483,6.554668985733965,8.380891748746754,6.922767219992902,7.474746914154624,9.739411203967906,10.90163286735063
data/video/waterloo4k/ref/06.mp4,data/video/waterloo4k/dist/VP9_06_1080p_1.mp4,60.63,VP9,1,all,18.26494268834949,25.10033120472545,32.57647850212053,15.278559535669103,22.695606895546497,30.4883416829558,29.45085628281486,27.762356318308548,44.12924614811119,42.73051445799274,25.36554741859436,0.7990785017609596,0.9510837271809578,0.1733367331326007,72.543586,9958b2bcc4,a7a2254,3.7470588435359646,5.316773546972198,7.630269902906367,11.950965995530169,3.189960352971151,4.607045454598831,6.061979369785063,8.358921559237405,16.465587276083216,10.982405810248563,25.58806035444337,19.20590669056373,2d32247a64,ebe32e1,4.216363259973314,7.22149771047766,11.530522682802504,15.93112228539907,3.527386535182273,5.21409611861171,7.770860407750586,11.22803468017604,20.829840690307588,14.234081478840306,29.2966927077662,22.53641487847948,11.80582853163726,17.883800874246973,24.78928070982197,32.38354909539966,9.962586940256797,14.94812655240642,22.125931283780137,30.099002114417207,29.45085628281486,27.762356318308548,44.129246148111186,42.73051445799274
data/video/waterloo4k/ref/06.mp4,data/video/waterloo4k/dist/VP9_06_1080p_2.mp4,63.64,VP9,2,all,12.711782022942003,17.08724634279455,21.606489075697205,11.204984077057595,16.17344644623838,20.98627513880584,17.816228001293982,17.335277900679838,27.81267871584961,27.465552099384848,29.03453040122986,0.917777419090271,0.9800742268562316,0.1090854601934552,83.424767,9958b2bcc4,a7a2254,2.1396780216569256,3.2045380150624387,4.705797367695959,7.516472179859986,1.9871432527024289,2.9574959212216188,3.991473169488196,5.649238708992604,10.755628620399577,7.218197392701733,16.99605278864146,13.165017294287416,2d32247a64,ebe32e1,2.606747646527185,4.51338401546693,7.290405018966791,10.353879181358687,2.290988294303458,3.4516843146556515,5.23350299005413,7.795288474939958,13.829834085656705,9.642810097836977,19.635102314207693,15.628396847562527,8.198175881022808,12.402581967446476,16.819703271359952,21.48127996172354,7.0960885113095475,10.837652773368799,15.656178548501346,20.73784152549331,17.816228001293982,17.335277900679838,27.812678715849614,27.465552099384848
data/video/waterloo4k/ref/06.mp4,data/video/waterloo4k/dist/VP9_06_1080p_3.mp4,77.45,VP9,3,all,10.512196133425569,14.05630119182107,17.72103075960485,9.524548985974636,13.565132694235135,17.394382396500557,13.954206298759694,13.60906344384519,22.351013368849788,22.180861218641507,30.68489646911621,0.9449817687273026,0.9863111972808838,0.0883936146274209,86.629707,9958b2bcc4,a7a2254,1.7367598916147269,2.6205543383718446,3.834296425136337,6.149678765412904,1.6181486562986571,2.4503637433078835,3.3047707369086177,4.702638467862241,8.833315729327625,5.97062705518427,14.046156952935004,11.04412349982535,2d32247a64,ebe32e1,2.1397917093200154,3.675784590392262,6.0028340878312685,8.610539407791329,1.9103027240784476,2.8909368810713847,4.397290881564657,6.63899982985726,11.462773067503983,8.135596920919452,16.29608766842886,13.233156510684331,6.778117814506496,10.232758279313973,13.841991510929613,17.62873654629361,5.9915490438228325,9.16104987041556,13.154328049564025,17.212904365349672,13.954206298759694,13.60906344384519,22.351013368849788,22.180861218641507
data/video/waterloo4k/ref/06.mp4,data/video/waterloo4k/dist/VP9_06_1080p_4.mp4,76.38,VP9,4,all,8.834314225874678,11.878087897118576,14.977954750040563,8.18614680631901,11.623713268316754,14.82305242601831,11.640047322730911,11.327817420730042,18.77358034661374,18.69236421591632,31.96032404899597,0.9604577124118804,0.9899999126791954,0.0754456249997019,88.849205,9958b2bcc4,a7a2254,1.4845253366333089,2.2252463616912586,3.25548986616214,5.212536659386249,1.3644273744037658,2.079410026606141,2.8178275829942496,4.026351125584739,7.463681436433646,5.102915609237168,12.00456337785783,9.609758769489902,2d32247a64,ebe32e1,1.8080866454955424,3.0775001491946345,5.033601957483511,7.337064873759907,1.5957151433522458,2.451867722912058,3.777479404037345,5.825682038583628,9.756115584880185,7.134596502313496,13.982739980579698,11.655777908869432,5.730791432579411,8.607190583689752,11.687223053777156,14.898787255825084,5.179933936239078,7.862030278473869,11.268672747778284,14.672727062439774,11.640047322730911,11.327817420730042,18.77358034661374,18.692364215916314
data/video/waterloo4k/ref/07.mp4,data/video/waterloo4k/dist/VP9_07_1080p_1.mp4,20.97,VP9,1,all,12.602078620572165,16.655134353347737,21.14706541584208,13.635591082796743,18.605956307253383,23.55957434018748,21.97117473304011,24.49628646110511,26.020080221581733,29.979493571273665,30.14928436279297,0.851435974240303,0.8956805765628815,0.2274656221270561,38.920883,9958b2bcc4,a7a2254,6.624761811059205,9.228784614962056,11.482947186832352,13.731009773024772,5.344640111128201,7.493316438046117,10.179516150436957,12.993156502487466,12.082668264217045,12.93140452068152,18.17880077683112,20.814768441328223,2d32247a64,ebe32e1,6.138391879787615,8.996040877444836,11.619393422090262,13.995301991073651,5.7967844747790815,8.28087229317187,10.993552312325969,14.00204146351074,12.362431974002066,13.043757595028971,18.45761593815966,20.605481385141267,9.302417340463697,12.461848057689496,16.413883838289472,21.164299519656087,9.612825075166548,13.489416919207088,18.27063535657717,23.42015894939323,21.97117473304011,24.49628646110511,26.020080221581733,29.979493571273665
data/video/waterloo4k/ref/07.mp4,data/video/waterloo4k/dist/VP9_07_1080p_2.mp4,49.62,VP9,2,all,9.01664603813289,12.250437514608056,15.953156055565923,10.383161620735256,14.466276678345684,18.621734793759845,15.745101257706075,18.1267602000057,19.56845309319496,23.33445679366869,32.91435766220093,0.8950626030564308,0.9399478435516356,0.182184612378478,51.598305,9958b2bcc4,a7a2254,4.545488323064493,6.693626948346674,8.735031649177918,10.900175966364822,3.8691597119187446,5.631091739915947,7.90162571705805,10.491440553983333,9.309584065087726,10.082993081292203,14.852796604628187,17.45835750217024,2d32247a64,ebe32e1,4.286551972390408,6.646423554793767,8.987084976821752,11.232305089336474,4.134544254912662,6.166821557324997,8.5774691249344,11.354026406264664,9.699950259366268,10.282023137018884,15.18143345112244,17.296012491639857,6.562855883439903,8.902510061882351,12.07288751387457,15.938667464037726,7.194906879800647,10.219014575577923,14.168798615347404,18.47692292650238,15.745101257706077,18.1267602000057,19.568453093194957,23.33445679366869
data/video/waterloo4k/ref/07.mp4,data/video/waterloo4k/dist/VP9_07_1080p_3.mp4,66.56,VP9,3,all,7.45970784384818,10.249344339567372,13.529514862238472,8.894731642484853,12.481775273333476,16.20371103284559,12.92237877007916,15.220277337543836,16.600576286194176,20.23136322112364,34.340694427490234,0.9146424531936646,0.9561650678515434,0.1580010438337922,57.373947,9958b2bcc4,a7a2254,3.625500315636592,5.517705055059643,7.399598510908202,9.485665926362726,3.262728506248809,4.805743800716652,6.8120915176697405,9.232411364603244,8.032335527138937,8.78303954871515,13.232684967691274,15.7620580019833,2d32247a64,ebe32e1,3.459908127819113,5.544299137395017,7.706565970496664,9.843982705892774,3.4558823481369974,5.255037229970483,7.461047394427495,10.065755732059516,8.470789646149235,9.03060097655758,13.574371591709218,15.629492945338743,5.362977499254388,7.348055709534237,10.09886176994526,13.505947427745323,6.058791983120357,8.713158650178332,12.203144498411419,16.061306385858984,12.92237877007916,15.220277337543836,16.600576286194176,20.231363221123637
data/video/waterloo4k/ref/07.mp4,data/video/waterloo4k/dist/VP9_07_1080p_4.mp4,76.61,VP9,4,all,6.348904361970074,8.794524371681664,11.68334528060353,7.795761518149312,11.004340615872298,14.308788667934673,10.807804411096043,12.914173824986646,14.320475292789313,17.724956199258294,35.56444835662842,0.9292774125933648,0.9670626446604728,0.1377573404461145,61.254001,9958b2bcc4,a7a2254,2.9333041641201114,4.594444092713762,6.312631454609807,8.305161413269694,2.7322853496001955,4.104102011556996,5.90321090256087,8.16068550610394,7.005470182117271,7.708297138300966,11.894851274366337,14.318252939815498,2d32247a64,ebe32e1,2.875274002452634,4.704775827846238,6.694770016498458,8.718249262168188,2.9313130052704808,4.546339547526404,6.565688475819903,9.010593087705482,7.488755666303711,8.021277503723958,12.262618786219964,14.247592722692618,4.499804439533908,6.227651158676327,8.662981438847746,11.656683906067546,5.229110005693598,7.60192415449388,10.736558095277852,14.17637339133382,10.807804411096043,12.914173824986646,14.320475292789313,17.724956199258294
data/video/waterloo4k/ref/08.mp4,data/video/waterloo4k/dist/VP9_08_1080p_1.mp4,28.08,VP9,1,all,12.778148545308577,17.543801341645906,23.39504810169328,13.607031917227046,19.20544360001328,26.068926999888912,23.59962060914344,40.44166310030842,30.55109103638009,47.21517541004656,27.75770378112793,0.6592857465147972,0.8385220766067505,0.2411730214953422,28.368044,9958b2bcc4,a7a2254,7.758338103683868,10.051425265314206,13.16483938035875,17.294044545611808,7.695128060081487,9.993655194661274,12.736093379435554,16.1248833703843,16.824512317045652,18.88429274022684,26.82546626643006,28.044465044876866,2d32247a64,ebe32e1,6.280798141396423,9.993739695779285,14.257543140114004,18.3773774665543,6.984782571869646,9.49143148794578,12.969956822143308,16.614347730857524,18.018185065573363,19.4125594787276,27.606803597272872,28.110880109049788,9.172011574243362,12.767476128562778,17.428381993651218,23.311108258714594,10.043376782265602,13.683924586864656,19.076748585080455,25.74113422838095,23.59962060914344,40.44166310030842,30.551091036380086,47.215175410046555
data/video/waterloo4k/ref/08.mp4,data/video/waterloo4k/dist/VP9_08_1080p_2.mp4,66.51,VP9,2,all,10.466125705937248,14.295208242846966,18.946403097636622,11.10851759894878,15.914651446898532,21.35109752898288,17.959871596491194,28.24167827817202,24.37993372356616,35.184573443115994,29.05162143707276,0.7528614029288292,0.905406728386879,0.1700702514499426,38.826031,9958b2bcc4,a7a2254,5.2145868816762455,7.150678873178445,9.953528140061572,13.918080301878948,4.883973006621427,6.680016885410599,8.96455862219334,11.950771563852038,13.291444666970706,13.247017794714823,22.92880558222007,22.701472411947428,2d32247a64,ebe32e1,4.822771604373596,7.985972086115583,11.778688552017671,15.366987668295913,4.744297230736038,6.88210945132599,9.790228528403548,13.119768462464076,14.84197123259828,14.30479570282244,23.94185517136529,23.29247890778123,7.259530314813288,10.401221082601564,14.168582285598113,18.861526632000086,7.988070384928944,11.111524843354418,15.716143473509385,21.112097507432324,17.959871596491194,28.24167827817202,24.37993372356616,35.184573443115994
data/video/waterloo4k/ref/08.mp4,data/video/waterloo4k/dist/VP9_08_1080p_3.mp4,77.35,VP9,3,all,9.384691798210524,12.728702784367066,16.728487405569457,9.856119479885692,14.170351428114,18.786070092482177,15.461331586552346,22.90436482706088,21.302119571372053,29.56989697425189,29.72987174987793,0.8087153434753418,0.9312992990016936,0.1410237783566117,43.260555,9958b2bcc4,a7a2254,4.1369556939092575,5.850064543017513,8.347842466555987,11.99260348614322,3.873523215406876,5.420221697788184,7.411368874612911,10.080460861736311,11.458080016139268,10.873374072017478,20.404414049076667,19.82565467782945,2d32247a64,ebe32e1,4.092696411019651,6.85874598927604,10.25811065217283,13.494227870803227,3.900386926824032,5.783387093289559,8.335722558522587,11.390808857505364,13.033479678185234,12.03036222278809,21.45216757575141,20.550343360723986,6.431585502214531,9.2840410396535,12.59561620473188,16.65099075623017,6.97107950115276,9.81419700478156,13.942855763881981,18.58576935110399,15.461331586552346,22.904364827060878,21.302119571372053,29.56989697425189
data/video/waterloo4k/ref/08.mp4,data/video/waterloo4k/dist/VP9_08_1080p_4.mp4,84.61,VP9,4,all,8.407856358766608,11.30650417280468,14.721824049613495,8.717842711135726,12.5932807172326,16.456001052103485,13.322719394554554,18.67118802263299,18.515359585304303,24.888679155344025,30.36353826522827,0.8580104485154152,0.9507579803466796,0.1149492058902978,46.74822,9958b2bcc4,a7a2254,3.250423798072626,4.7253498760244,6.867562935800812,10.113621098601342,3.0381207318522208,4.361188354165844,6.048695233627838,8.401662801605326,9.794618459244674,8.93067992028048,17.821864560983897,17.108182403944202,2d32247a64,ebe32e1,3.4194149075108804,5.766631537350651,8.726233275511829,11.619460108717556,3.2039227957532,4.832666119474739,7.058638436915392,9.82076542188437,11.324416023001978,10.152009941622268,18.85954622129323,17.919537312801435,5.686772499087256,8.295171472985675,11.175542930880686,14.654712946152124,6.064819010387174,8.670163674795049,12.341575488969257,16.296515105123955,13.322719394554554,18.67118802263299,18.515359585304306,24.888679155344025
data/video/waterloo4k/ref/09.mp4,data/video/waterloo4k/dist/VP9_09_1080p_1.mp4,38.99,VP9,1,all,9.554014941770207,12.815916545596204,16.605097567103083,10.097682930710036,13.694891270863613,17.017125759725538,15.558902585131944,15.38823025269828,20.52323229817476,21.231696110739,33.77800226211548,0.9658075198531152,0.9754545241594316,0.096990592777729,72.723519,9958b2bcc4,a7a2254,2.8722060754175542,3.922649060189367,5.043762304156303,6.555425809215647,2.962408765915096,3.922016562988337,5.054188501764772,6.412535207960355,7.188791789193923,6.83810275418068,11.300294730469794,11.192886909680375,2d32247a64,ebe32e1,2.887609313468621,4.162461235965621,5.7978638373693645,7.772516765410757,3.3005336736343325,4.414445732157091,5.798350102786977,7.596936048092144,8.558863932855603,7.851169891410314,12.633350556662972,12.397532285204798,6.736267815129416,9.360029525669512,12.613389445644462,16.557846106451663,7.129016764581098,9.889568784703178,13.317131597895491,16.869303780363303,15.558902585131944,15.38823025269828,20.52323229817476,21.231696110738998
data/video/waterloo4k/ref/09.mp4,data/video/waterloo4k/dist/VP9_09_1080p_2.mp4,68.09,VP9,2,all,6.912321054580928,9.312413592865765,12.21321448868673,7.469138179252164,10.212327974848,12.765566243254757,11.44778234503092,11.356942715299418,15.093663438505349,15.836428483635746,36.176480293273926,0.9754946827888488,0.9841548949480056,0.0723643950186669,78.965793,9958b2bcc4,a7a2254,2.042183605728873,2.8709506797176583,3.75501164090083,4.962113693056447,2.263568371405164,3.047503567929014,4.011046318893312,5.174036453102252,5.339372046174111,5.356368464402872,8.730104907346064,9.104999047352104,2d32247a64,ebe32e1,2.096244045390143,3.063648611824521,4.338222499554708,5.937668587148386,2.520900927706664,3.4164646741231834,4.5590316313725445,6.065772706974495,6.4188024405442405,6.111820160908136,9.805851013936191,10.007979737789585,4.824625592702139,6.771062133053275,9.166431767893013,12.1786272273805,5.301865772462779,7.333667326676249,9.954917039741087,12.655676557948386,11.447782345030921,11.356942715299418,15.093663438505347,15.836428483635746
data/video/waterloo4k/ref/09.mp4,data/video/waterloo4k/dist/VP9_09_1080p_3.mp4,75.33,VP9,3,all,5.778898183485143,7.774469815051787,10.283807384274755,6.278137289807076,8.652893131630849,10.811043326980082,9.592174139664426,9.470964254695865,12.685411215534732,13.42127959204175,37.26818537712097,0.9798323437571526,0.9883640483021736,0.0619867364875972,81.664122,9958b2bcc4,a7a2254,1.6602308542654856,2.3511396389076102,3.129079451987939,4.202333354493853,1.8911996265716469,2.580677047421975,3.444263303903176,4.499641813155809,4.574091361444031,4.601957122902023,7.643120512225239,8.067626498755235,2d32247a64,ebe32e1,1.7157750794077675,2.5428890737307155,3.652578172963374,5.104716215587097,2.10724467061934,2.884349998384363,3.9168847886519087,5.287058897309442,5.587476547669897,5.3129156398864446,8.61806040239535,8.884729854489091,4.027100238412633,5.644921333535229,7.672891025118864,10.248325373924176,4.4598546492622475,6.179300906197323,8.419047317975448,10.722699830569452,9.592174139664426,9.470964254695865,12.685411215534732,13.42127959204175
data/video/waterloo4k/ref/09.mp4,data/video/waterloo4k/dist/VP9_09_1080p_4.mp4,78.38,VP9,4,all,5.023904129116617,6.734885442024278,8.944254050456305,5.393538707603806,7.534291535670309,9.39447435135771,8.402773623995284,8.182585325906349,11.026324374695468,11.655658451236668,38.25675916671753,0.982925295829773,0.991150014102459,0.0532841645181179,84.074264,9958b2bcc4,a7a2254,1.4189606558750585,2.006510656683972,2.682589463797876,3.638680114572956,1.6323717654118972,2.2360089803128926,3.004590135217803,3.975246957538943,3.978813396204061,4.0212262975393225,6.7843031975642205,7.258670522111172,2d32247a64,ebe32e1,1.4936633800187409,2.217152009993136,3.1923535037277966,4.480531500831723,1.8307663733787984,2.5305907117890656,3.464399033985597,4.71752167181749,4.916477355976268,4.708960559583808,7.67616024877386,8.016886591389557,3.4676670755346204,4.917717888624909,6.646413743873807,8.911148383976121,3.8195595964740288,5.336346835385714,7.325251017751421,9.319897011691316,8.402773623995284,8.182585325906349,11.026324374695468,11.655658451236668
data/video/waterloo4k/ref/10.mp4,data/video/waterloo4k/dist/VP9_10_1080p_1.mp4,40.69,VP9,1,all,10.880575044525935,14.886035768391366,19.8734695037217,11.59197676020123,15.88692843221672,20.85231301996185,19.3699298254346,20.48797431475881,24.776976554852432,27.206732460895235,29.55063891410828,0.8896865844726562,0.9396862983703612,0.1725042387843132,39.628021,9958b2bcc4,a7a2254,4.704111357004186,6.665876671555251,8.866135777687338,11.443598512806286,4.943349789263875,6.694314336985346,8.906084480755323,11.518690635457803,10.805940744311338,11.870972884109836,17.27907461646718,19.41775068714312,2d32247a64,ebe32e1,4.646918348303876,7.010494131611576,9.610851093834706,12.360681361087146,4.998565873467818,7.088371691509941,9.569292884540614,12.438715391343797,11.882599617419906,12.223025927465192,18.507682081659134,19.625873036008795,7.820699280159183,10.717885463537538,14.753723579712098,19.851491592442727,8.280222875848105,11.403486235759773,15.665180453695724,20.69608472202037,19.369929825434596,20.487974314758812,24.776976554852432,27.206732460895235
data/video/waterloo4k/ref/10.mp4,data/video/waterloo4k/dist/VP9_10_1080p_2.mp4,61.49,VP9,2,all,8.338464813227718,11.442766363349538,15.201332166920366,9.104717339826358,12.633801177998654,16.499292069478173,14.18670672244916,15.35324051788496,18.80673636418928,21.166548100337163,31.512113571166992,0.9224378392100334,0.9630513414740562,0.1306429887190461,47.859277,9958b2bcc4,a7a2254,3.3984218903983288,4.977664603898602,6.802803067680022,9.009047173004678,3.683595529921942,5.137216382887898,7.048387826056586,9.381779851315972,8.535093566524685,9.435831844611926,14.184767943169268,16.4465420877176,2d32247a64,ebe32e1,3.440203435920484,5.360430243789117,7.524931667182377,9.897596364160432,3.780821957281357,5.534104768950393,7.662062544415818,10.201544646570165,9.618166888373404,9.879696369061584,15.305817558936894,16.55390165731197,5.842939310398805,8.191834940173187,11.313044877392125,15.173605823103708,6.375476407968141,8.955418158245772,12.405949894040258,16.373025207250365,14.18670672244916,15.35324051788496,18.806736364189273,21.166548100337163
data/video/waterloo4k/ref/10.mp4,data/video/waterloo4k/dist/VP9_10_1080p_3.mp4,74.34,VP9,3,all,7.387832597968464,10.118314820156796,13.363263658446748,8.075042844959833,11.286400208487102,14.674969201648633,12.236573159457985,13.184401523285828,16.43395464704666,18.57846574655317,32.35982871055603,0.9357930123806,0.9713945612311364,0.112249756231904,51.691786,9958b2bcc4,a7a2254,2.836269296199681,4.2157750554734,5.858483473028196,7.91375807151208,3.0893763057174253,4.369763060132471,6.104131590012246,8.271417358559313,7.521565458920093,8.2252003700408,12.812096045104006,14.922052352410544,2d32247a64,ebe32e1,2.941460719117183,4.634682289271332,6.619640539701734,8.823535421593807,3.2304264882285816,4.804316908027487,6.7518370389131634,9.14391699304059,8.611471817364736,8.783056080210565,13.898458977222198,15.092840194924747,5.1302375082616125,7.253614248254148,9.986614710371732,13.334372162086645,5.61308956150769,7.9554741768105295,11.060548901241978,14.561870839685557,12.236573159457985,13.184401523285828,16.43395464704666,18.578465746553174
data/video/waterloo4k/ref/10.mp4,data/video/waterloo4k/dist/VP9_10_1080p_4.mp4,77.76,VP9,4,all,6.608870538889734,9.009003083289404,11.847285123069016,7.226382988427092,10.157443448885028,13.143036502005234,10.736218467681198,11.557689635255612,14.52276665593624,16.526249379815216,33.07120442390442,0.9461323022842408,0.9772505164146424,0.097770944237709,54.394755,9958b2bcc4,a7a2254,2.431463334694504,3.6485676221494816,5.120351800194447,7.011216441574214,2.6480283505537003,3.7981753143874863,5.354583399940383,7.35835160188002,6.728649351787044,7.302166166030725,11.645509982638687,13.632650799598425,2d32247a64,ebe32e1,2.5619668754897518,4.072647962300152,5.879649331412204,7.9176686573042385,2.8167671363920763,4.233576892932558,6.021107382515768,8.254558575367305,7.797323974647898,7.930793452067574,12.6805327880551,13.828892228561369,4.57322564815485,6.481740540469046,8.889095959304544,11.817047333784519,5.008766833230186,7.126067131839734,9.937874121191363,13.04067440137869,10.736218467681198,11.557689635255613,14.52276665593624,16.526249379815216
data/video/waterloo4k/ref/11.mp4,data/video/waterloo4k/dist/VP9_11_1080p_1.mp4,25.82,VP9,1,all,12.573996829598451,17.208629756465005,22.813876593873267,13.226207099731772,18.198207626535133,24.015738730822115,22.738764660914264,25.302230371765425,29.484634082911285,32.97979499248869,28.78682279586792,0.8078111186623573,0.8965697214007378,0.2290146201848983,29.527539,9958b2bcc4,a7a2254,6.724902064379632,9.351564182673329,12.160583900311234,15.304029278234143,5.993404637829465,8.036383505913962,10.630077315773336,13.528971773198071,13.239706395515466,13.69524363072298,21.484661352850207,22.332050381529324,2d32247a64,ebe32e1,6.077758013082738,9.296772598856675,12.751577391941202,15.72221900474117,5.977849903945886,8.329586766767523,11.261463131949304,14.420968635818596,14.003868420069631,13.848495668867772,22.07437190439979,22.446658419743606,9.28475819056628,12.56509042478874,17.109914999326552,22.752567984719704,9.46205274968672,13.131845342184945,18.026891753542685,23.77070686736861,22.738764660914264,25.302230371765425,29.484634082911285,32.97979499248869
data/video/waterloo4k/ref/11.mp4,data/video/waterloo4k/dist/VP9_11_1080p_2.mp4,58.51,VP9,2,all,9.254288529840773,12.815655166303976,17.250709076834042,10.280696494557557,14.326527547029189,18.98033554994487,16.500697063402686,18.95609475917117,22.3010486099646,25.63853141982744,31.126407146453857,0.8687449097633362,0.9408997669816016,0.1755823232233524,43.059406,9958b2bcc4,a7a2254,4.797473410393052,6.864886196635169,9.182659353134872,11.978476255119856,4.536188854121827,6.255183359350895,8.455736247017523,11.021162397138808,10.418066241019517,10.915416942047507,17.5628989503557,18.8337625887854,2d32247a64,ebe32e1,4.438216755966992,7.03674652578641,9.97507412531566,12.606494787333196,4.494074682144006,6.477778781852986,9.008001373507732,11.835831946981896,11.293090460750484,11.1644366063516,18.24299508049147,18.9239742207663,6.718177646832057,9.219292033149769,12.734664782637966,17.187573574949056,7.208040095485558,10.141041046212985,14.132194644713687,18.780869770485538,16.500697063402686,18.956094759171172,22.301048609964596,25.638531419827434
data/video/waterloo4k/ref/11.mp4,data/video/waterloo4k/dist/VP9_11_1080p_3.mp4,80.18,VP9,3,all,7.797939892903365,10.777935281456946,14.469672254002322,8.857763584531476,12.419360711296491,16.37705468252649,13.378805884660038,15.620398492357952,18.559907931313216,21.669232329047205,32.6395537853241,0.8997955694794655,0.9584946036338806,0.1456198878586292,50.435742,9958b2bcc4,a7a2254,3.832044128956282,5.615515172157174,7.646803840209456,10.20298404800707,3.750117904081135,5.282436846939169,7.240188372095137,9.602679889864064,8.91014428913496,9.40046366907524,15.381033884178672,16.811992027805424,2d32247a64,ebe32e1,3.638112588798037,5.897008437287943,8.498635519126037,10.895517265641908,3.737554481517521,5.501719119424671,7.782879394537852,10.394447392265556,9.792335882382009,9.702905526497098,16.066682263652993,16.893663611210574,5.596984972105013,7.736958821587834,10.69448635346319,14.411153790346933,6.140313002253245,8.710311251311664,12.215113183963785,16.205533384815723,13.378805884660038,15.620398492357953,18.559907931313216,21.669232329047205
data/video/waterloo4k/ref/11.mp4,data/video/waterloo4k/dist/VP9_11_1080p_4.mp4,83.87,VP9,4,all,6.753566665010847,9.347569989301766,12.4815364661506,7.803234618077348,11.03178071644632,14.46698171796993,11.263786515098502,13.313027026709277,15.922544935093857,18.822201226688243,33.846617698669434,0.9216085150837898,0.9694623798131944,0.1242488352581858,55.672308,9958b2bcc4,a7a2254,3.134783212962976,4.693182044582374,6.492316307874151,8.846330353880102,3.1806151328043426,4.552592651308401,6.309608968295436,8.494629172886306,7.819396492190123,8.277615451359008,13.705698639390354,15.220303246663985,2d32247a64,ebe32e1,3.06651277782279,5.040125984517061,7.371709590671612,9.596706394613737,3.217536299307341,4.794341396770492,6.862818694227619,9.306355286073725,8.70474880007248,8.643687031613782,14.39977756169497,15.314148545565931,4.783577446019649,6.678383040630721,9.260316740225626,12.431679135103353,5.336695135569998,7.653638838204199,10.816953723039335,14.317561158438778,11.263786515098502,13.313027026709275,15.922544935093857,18.822201226688243
data/video/waterloo4k/ref/12.mp4,data/video/waterloo4k/dist/VP9_12_1080p_1.mp4,33.78,VP9,1,all,11.161541023369372,15.578280831708286,20.53431885426726,12.09419801655973,16.695238469360902,21.33982194134434,20.793349886577083,21.435693781529626,25.90066398152445,27.92853048849119,29.64068531990052,0.8598077967762947,0.9122965633869172,0.1657605348154902,53.124153,9958b2bcc4,a7a2254,4.525123308409005,6.2739540733015975,8.246553539213577,10.630892163264129,4.345248012071057,5.90622244934438,7.793826560322764,10.163242644216808,10.923243359158416,10.989974525081973,16.5470718501758,17.727736789346892,2d32247a64,ebe32e1,4.387538286460479,6.641316043576354,9.164442960186276,12.145801947647469,4.53055630339624,6.381518714918589,8.800127962655921,11.681908927608198,12.600736984770244,11.997510890299964,18.49222607562252,18.840688782592057,7.8857074786387855,10.966749220733506,15.291015001317206,20.491236511572293,8.570719122477279,11.894621689927106,16.312394240464005,21.139923512619074,20.793349886577083,21.435693781529626,25.90066398152445,27.92853048849119
data/video/waterloo4k/ref/12.mp4,data/video/waterloo4k/dist/VP9_12_1080p_2.mp4,62.41,VP9,2,all,8.558908307881882,11.804922792019832,15.70595322376758,9.394739807732446,13.097358224665385,16.744418851302264,15.450582235284914,16.035594150822646,19.787314595687093,21.738396541978634,31.57668280601501,0.8941641300916672,0.9489236623048782,0.1244686376303434,64.691602,9958b2bcc4,a7a2254,3.2723819423738725,4.558261797144306,6.094099455374606,8.076738220062673,3.1577024045209314,4.38804200239952,5.905261163839155,7.877788564662366,8.19694809642897,8.321074831429545,13.105350208456992,14.36453788515923,2d32247a64,ebe32e1,3.216387038767687,4.92562997874616,6.9443202988865975,9.336673391540169,3.348797820512675,4.783794037910509,6.722788461984345,9.13155730328974,9.624102563015038,9.184841731602267,14.722869782431417,15.233778471393856,6.00480781095166,8.404735074154184,11.626207781162268,15.658587313641533,6.658687360213627,9.270045031918606,12.795129454339095,16.587038482477865,15.450582235284914,16.035594150822646,19.787314595687093,21.738396541978634
data/video/waterloo4k/ref/12.mp4,data/video/waterloo4k/dist/VP9_12_1080p_3.mp4,75.43,VP9,3,all,7.418140507819328,10.172187015183852,13.596898838899932,8.140841285336444,11.482721409505794,14.646705236116471,13.206858920688308,13.540807154839072,17.070967365334926,18.798557932311528,32.552485704422,0.909036047756672,0.9621414914727212,0.1046698736026883,68.991689,9958b2bcc4,a7a2254,2.7099518976834025,3.787642065222848,5.091393949766873,6.850788903577412,2.606237266701529,3.650013830210991,4.987813475086334,6.755545616308159,6.988610589853199,7.065332418640883,11.51137537811428,12.734830546275768,2d32247a64,ebe32e1,2.7231446954112544,4.163253562464376,5.943861855819213,8.076779841979983,2.844205830270216,4.085065336486996,5.785384766716583,7.969630832235068,8.355277809647172,7.9445656094355295,13.003869984542684,13.55403027438987,5.178965384433026,7.281857493848305,10.035734463638942,13.55507671226146,5.735765563998263,8.046020818021063,11.200642628625799,14.516556002650924,13.206858920688308,13.540807154839072,17.070967365334926,18.798557932311528
data/video/waterloo4k/ref/12.mp4,data/video/waterloo4k/dist/VP9_12_1080p_4.mp4,84.76,VP9,4,all,6.623020722166875,9.020464915328132,12.091020103500346,7.24172259405362,10.36297830138143,13.147815528705896,11.673178317879652,11.781455040723404,15.074212043881314,16.635091486622805,33.35450744628906,0.9195192828774452,0.9699929505586624,0.0906918682157993,71.87306,9958b2bcc4,a7a2254,2.3117769502801693,3.227104049199111,4.36339359258351,5.959754156444301,2.223090982410128,3.1444149114281887,4.344364424687009,5.984546230645307,6.166751888906284,6.272365606760388,10.320148128843677,11.590170953064172,2d32247a64,ebe32e1,2.379616466922312,3.614549799753501,5.208707077603852,7.145679996799006,2.4887229072345343,3.602880679380552,5.1272712303658405,7.167163273512797,7.479161080984369,7.137677776040077,11.705117803385734,12.341902273446136,4.585411184545369,6.5124975698689855,8.907234217821648,12.04452028528276,5.069228598675019,7.203050294434917,10.085795004833114,13.033155635848406,11.673178317879652,11.781455040723404,15.074212043881314,16.635091486622805
data/video/waterloo4k/ref/13.mp4,data/video/waterloo4k/dist/VP9_13_1080p_1.mp4,54.19,VP9,1,all,15.156721033071936,21.151018090240058,29.12710498193918,13.314118407827875,19.40258105697186,26.90346378871253,27.11310397399184,28.1194126937114,39.81045598841917,40.86971199757405,25.163467168807983,0.6740458458662033,0.893219992518425,0.2174249477684497,39.189389,9958b2bcc4,a7a2254,5.061414508063281,7.2619216833133375,10.227884159113918,14.78781827195563,3.715786129447114,5.289611021642747,7.022669562427848,9.628379773338365,14.30928583161096,11.060641331970745,25.87488765968593,20.213942933582235,2d32247a64,ebe32e1,4.89340111669078,8.501718768082496,12.900326974554368,17.19424677817196,3.5399050015025084,5.514436588369295,8.346497158466189,11.88554729063362,17.067862593700948,13.53248396746554,28.826556899678977,23.419139374020038,10.265345321398883,14.963156656565026,21.057040811636377,28.92444805650637,9.031291869175357,13.18795168134766,19.109009584066243,26.57201461028536,27.11310397399184,28.1194126937114,39.810455988419164,40.86971199757405
data/video/waterloo4k/ref/13.mp4,data/video/waterloo4k/dist/VP9_13_1080p_2.mp4,79.16,VP9,2,all,12.27477600452667,16.689189353898627,21.92512776284308,10.619883797722846,15.469332782286571,20.55448715709686,18.77898770383825,19.6295984797094,28.869071318776324,29.682632593375875,27.2308292388916,0.8221104368567467,0.9472946971654892,0.1488988827913999,52.80942,9958b2bcc4,a7a2254,3.244911465135057,4.757580280117734,6.825547978127558,10.310411600134923,2.549502287238038,3.662834010338092,4.903454780064369,6.871444302844809,10.437885665621131,7.895674224968213,19.6383859455192,15.308290175347846,2d32247a64,ebe32e1,3.439593024714815,5.971429153639217,9.269298886530704,12.652047672323022,2.582251096475756,4.0188263774632285,6.1611367209158034,9.016002997501962,12.967043771302311,10.108366265889291,22.27533847881336,18.144383030543697,8.014042183085524,11.968400357470468,16.523490829922803,21.797500218547718,6.945061866863694,10.41612563190491,15.108995087668939,20.333561703175988,18.77898770383825,19.629598479709394,28.869071318776324,29.682632593375875
data/video/waterloo4k/ref/13.mp4,data/video/waterloo4k/dist/VP9_13_1080p_3.mp4,79.41,VP9,3,all,10.766920878201375,14.442217233724834,18.57069169982532,9.2498539578018,13.441398161642072,17.51278089016236,15.388609158712155,16.07521426709175,23.99272729036009,24.67142784288417,28.36665368080139,0.8767103105783463,0.964394934475422,0.1206458639353513,57.338057,9958b2bcc4,a7a2254,2.566344981862966,3.805551325122001,5.495511737907091,8.40914402038148,2.050655724453111,2.969760431700541,3.9998917415989417,5.648220833702697,8.682403057248075,6.458124030218455,16.5709357317564,12.916633548489024,2d32247a64,ebe32e1,2.807365127527094,4.856841429605538,7.605720974306214,10.508170128164268,2.138653118451926,3.3282532286678825,5.129083820648031,7.603018202778326,10.940933516945844,8.46418554742281,18.89900510076729,15.45651821917196,6.961212563779659,10.465198745772256,14.276156128465438,18.464787763361812,5.978415248144105,9.041565808086721,13.080810927355074,17.338126375727658,15.388609158712155,16.07521426709175,23.99272729036009,24.671427842884178
data/video/waterloo4k/ref/13.mp4,data/video/waterloo4k/dist/VP9_13_1080p_4.mp4,86.09,VP9,4,all,9.5476429032636,12.664058132276775,16.070888006413874,8.176955501909767,11.83264904103249,15.171023312519134,13.044544491518703,13.390974327347092,20.42598799110089,20.85201921816814,29.474401235580444,0.9133847430348396,0.974640130996704,0.1004971358925104,60.503314,9958b2bcc4,a7a2254,2.129237060042644,3.1720912089204765,4.580406141430685,7.0174164725545385,1.694284540545646,2.4842441572366503,3.3666985813995045,4.771600347882598,7.308523449949595,5.402423011270054,14.118861797374786,11.061348203192304,2d32247a64,ebe32e1,2.3406734364773034,4.054963133746671,6.376425004153004,8.886774177797612,1.8049853520842516,2.8348163038278265,4.38192047724523,6.566154697553738,9.31295037940647,7.2212907687702526,16.17528871635289,13.34775827852796,6.125752577965736,9.258973022345828,12.508859775214388,15.98328730815563,5.229477279171677,7.969591791906306,11.500253674570304,15.035814952222104,13.044544491518703,13.390974327347093,20.425987991100886,20.85201921816814
data/video/waterloo4k/ref/14.mp4,data/video/waterloo4k/dist/VP9_14_1080p_1.mp4,63.39,VP9,1,all,16.8380537433376,23.82672511256727,31.67392874985943,15.699559170310796,22.602917511582447,29.956648721315684,35.72757225519932,32.77816272085701,46.8230723117141,44.99265704114473,26.367525339126587,0.7968178614974022,0.9386261776089668,0.202457932755351,47.750348,9958b2bcc4,a7a2254,5.064867243255541,7.031284552595223,9.738220875687173,14.112693759611872,3.791892876357355,5.383748940564493,7.125096839112844,9.76985640749251,16.811866549786117,12.369257047109214,25.752033486673056,21.348764391841268,2d32247a64,ebe32e1,5.084219060662352,8.366818545458711,12.742531552514253,17.104305934300307,4.292010241091865,6.310629161415115,9.299161177922237,13.121440731819892,20.36057159116116,15.52492555609652,28.98648216628684,24.75848289537874,11.25171665233851,16.78900876398305,23.628324486685376,31.488404213528362,10.855504110360387,15.496194680002793,22.16268014076205,29.647781304497254,35.72757225519932,32.77816272085701,46.8230723117141,44.99265704114473
data/video/waterloo4k/ref/14.mp4,data/video/waterloo4k/dist/VP9_14_1080p_2.mp4,80.44,VP9,2,all,13.203090112403055,18.49240172777395,24.066051983930844,12.49160186940786,17.966296006851568,23.354747791075923,24.481981619371226,23.027469236696888,33.26434303633788,32.657181926370654,28.652135610580444,0.8794896900653839,0.9675080478191376,0.1493664644658565,55.168274,9958b2bcc4,a7a2254,3.464515369426887,4.925207166623072,6.947799666380904,10.448674507584878,2.785575503431013,3.971448971810142,5.308527819046522,7.460693674946664,12.852724601357671,9.366198871737224,20.29062571065112,17.037071087168947,2d32247a64,ebe32e1,3.724551059884502,6.164801027563025,9.59152240550784,13.181380601274816,3.250266229288981,4.80099670572293,7.155357771644998,10.41884714320433,15.981152042689924,12.235272955552524,23.12520529166161,20.06643923295785,8.727120595928191,13.049814151302881,18.258025612523884,23.94898189538928,8.488771988805548,12.284528377238251,17.53542241510375,23.121318792197595,24.481981619371226,23.027469236696888,33.26434303633788,32.657181926370654
data/video/waterloo4k/ref/14.mp4,data/video/waterloo4k/dist/VP9_14_1080p_3.mp4,85.62,VP9,3,all,11.46948081866105,15.948037886039485,20.535045162696488,10.928199039565122,15.662318349943304,20.162364889733976,20.69291639155394,19.388702371034743,28.59499135475675,28.01127465635106,30.05467009544373,0.9131647571921347,0.97771018743515,0.1232373937964439,57.883897,9958b2bcc4,a7a2254,2.782346112999047,4.002498770099477,5.6996431146961255,8.698138193442695,2.29745814647471,3.2925759439826607,4.441308818140991,6.2950414444435525,10.833219092329148,7.862883192467549,17.432375794196215,14.741755492850448,2d32247a64,ebe32e1,3.094572227724843,5.156867943928697,8.072820991851577,11.20192798300806,2.729539912425874,4.069892729861632,6.118948418709213,9.001205999316907,13.63139347244031,10.480761387081078,19.97896203767311,17.49534872095083,7.55155859516342,11.312038601902515,15.728403937770912,20.4299416287373,7.380272516165803,10.705796001760497,15.263458754210316,19.970865964342224,20.69291639155394,19.388702371034746,28.59499135475675,28.01127465635106
data/video/waterloo4k/ref/14.mp4,data/video/waterloo4k/dist/VP9_14_1080p_4.mp4,85.58,VP9,4,all,9.999753090671271,13.780735551223804,17.53318974444599,9.583433388450311,13.678950387385775,17.462184156593896,17.171447581975926,16.246473193753516,24.12222163354955,23.82139425301792,31.449161529541016,0.9365278482437134,0.9840420112013816,0.1020366828888654,59.776088,9958b2bcc4,a7a2254,2.238608744098385,3.273990902974861,4.711267209890768,7.285294616857917,1.888384973773006,2.7200940745052327,3.71434542324994,5.342265006409937,9.18357734240612,6.641071834116538,15.04675780950843,12.818593283615485,2d32247a64,ebe32e1,2.590134087998348,4.319293904040686,6.816059337630799,9.576282068778218,2.289610409829629,3.453135080452269,5.230219475387905,7.819670232566175,11.700356618222852,9.06378469897967,17.341158066635604,15.337461593069971,6.542482381934706,9.831670076255726,13.578047740088738,17.447717223284855,6.4302209607331005,9.365921049431659,13.308357489716629,17.297689003472108,17.171447581975926,16.246473193753516,24.12222163354955,23.821394253017914
data/video/waterloo4k/ref/15.mp4,data/video/waterloo4k/dist/VP9_15_1080p_1.mp4,27.06,VP9,1,all,11.240479318980778,14.416311395637283,17.814779570760486,15.441383707274683,19.17286526610478,22.833438241907885,19.843783497218897,23.45096764753977,22.203464234329,28.04649198902824,27.37167930603028,0.8023267015814781,0.86513552069664,0.1718039158731699,28.956823,9958b2bcc4,a7a2254,6.083326629304023,7.9149061621322385,9.424108439807656,11.102239578721496,7.405018828868432,9.751317399839351,12.623396516703416,15.316687186597182,9.960142766626369,14.686291259375194,14.938959218021187,22.256381116361403,2d32247a64,ebe32e1,6.373109350152519,8.472661596554186,10.571064292861598,12.670518607324816,8.284310980757743,10.921850769278045,13.591584201907947,16.35754127754928,11.315332342670516,15.078040056532917,16.737105573318587,22.568283903622184,8.52216752728425,10.93957430107186,14.221680592780048,17.73598910477045,11.967088828082879,15.093476729357722,18.89717789828765,22.723355462692712,19.843783497218897,23.45096764753977,22.203464234328997,28.046491989028237
data/video/waterloo4k/ref/15.mp4,data/video/waterloo4k/dist/VP9_15_1080p_2.mp4,45.9,VP9,2,all,9.457634724991742,12.26433565202762,15.299515805031485,12.690975145489515,15.909360450343843,19.15211190712214,17.30059008170799,19.492417939989306,19.38383981180224,23.773892962718225,27.786871433258057,0.8152849078178406,0.9015629589557648,0.1485976995900273,46.280443,9958b2bcc4,a7a2254,4.83680881175473,6.498539852318632,7.936593341859841,9.542175384908568,5.814130205817669,7.884118628822421,10.59726784961411,13.200118116370506,8.355684610211684,12.206513426516938,13.080336225428752,19.702267004173905,2d32247a64,ebe32e1,5.157262413739653,7.047302503792217,9.02233211467895,11.007979359929008,6.562706971310717,8.961849415680941,11.500743261450362,14.192317800019246,9.629895686756177,12.722557379034193,14.729787199266289,20.06103662400544,7.1541131173293895,9.16857302234223,12.055993099056261,15.20430350367087,9.787845618136936,12.378066251403952,15.668852525093374,19.0475938894469,17.30059008170799,19.492417939989302,19.383839811802236,23.773892962718225
data/video/waterloo4k/ref/15.mp4,data/video/waterloo4k/dist/VP9_15_1080p_3.mp4,65.15,VP9,3,all,8.446069928697488,11.047180516875631,13.914508004957256,10.95133036714274,13.847557284885257,16.812003486420558,15.970179245623047,17.03015967562461,17.867912541312272,21.116373682235142,28.05111122131348,0.8242315426468849,0.9206170290708542,0.1324875727295875,58.479078,9958b2bcc4,a7a2254,4.047636763115857,5.573699392331512,6.955944389765895,8.516020039486007,4.765882816532505,6.605776318879575,9.115735851263784,11.633710489653769,7.390530317478285,10.542662461684234,11.896619691707023,17.863373770141582,2d32247a64,ebe32e1,4.396771415244008,6.132317026132417,8.014989459625186,9.927103950556466,5.458535775466003,7.631517938882353,10.034839118766495,12.65715253461156,8.619770261309611,11.186806172428192,13.45174557728207,18.299923480765035,6.3791968985484235,8.163353526894062,10.83235849738388,13.803230731223207,8.395639778600717,10.671248589334956,13.625013368932482,16.710929110874034,15.970179245623047,17.03015967562461,17.867912541312272,21.116373682235142
data/video/waterloo4k/ref/15.mp4,data/video/waterloo4k/dist/VP9_15_1080p_4.mp4,79.21,VP9,4,all,7.768806251082853,10.20983156900345,12.940655088631518,9.703968693269951,12.35730634466206,15.09045753346584,15.091502778574526,15.341333948796343,16.81633411352124,19.230274448191924,28.21025776863098,0.8311929702758789,0.9330281764268876,0.1194564262405037,67.714644,9958b2bcc4,a7a2254,3.493122479172877,4.883234600896103,6.20003563270789,7.710264568860933,4.013057258864773,5.677907441778545,8.004992893937796,10.428561329136864,6.6608852311941895,9.320430579001084,10.973254113156642,16.426243397927863,2d32247a64,ebe32e1,3.8824647252629054,5.470417836495415,7.252384319888478,9.081353721367629,4.707989606998157,6.7049284245186005,8.964134224798707,11.497005819212532,7.856678949631595,10.066197965670543,12.453976744429609,16.930961726407602,5.863865629449506,7.482574373711074,9.990566906657202,12.818923196129392,7.403365752595594,9.449949377418845,12.149577489029248,14.992072680949557,15.091502778574526,15.341333948796343,16.81633411352124,19.230274448191924
data/video/waterloo4k/ref/16.mp4,data/video/waterloo4k/dist/VP9_16_1080p_1.mp4,32.4,VP9,1,all,19.7901481393876,27.542517790770017,36.49389973704616,19.032655961542503,26.545625528138828,34.798211115317,35.213452811548215,33.29631980744609,46.024511026564696,45.56417362190035,24.29135131835937,0.7810400724411011,0.8959773853421211,0.2679290995001793,49.589216,9958b2bcc4,a7a2254,6.9652960047975165,9.734108910513498,12.709126536311572,16.54558883149475,5.700834070216886,7.738914898998071,10.23351725703994,13.215518781948193,15.753606958476158,13.844982565954604,25.48496625952296,23.31130593849485,2d32247a64,ebe32e1,6.836749254258239,10.32120451728785,14.396993249002252,18.435237629338964,6.161147207841005,8.702986820569075,11.959939527581984,15.780861968755977,17.82216470433755,15.605035829805445,27.93101368136421,25.84570068968193,14.166854961864262,19.665435827931457,27.20715084884876,36.352845251921565,13.21896643495241,18.708875493928396,26.083158433549205,34.44986830909041,35.213452811548215,33.29631980744609,46.024511026564696,45.56417362190035
data/video/waterloo4k/ref/16.mp4,data/video/waterloo4k/dist/VP9_16_1080p_2.mp4,66.09,VP9,2,all,13.908555909043022,19.4148899078588,25.787187556095034,13.95810254413867,19.617503003766387,25.638410380774925,23.78412730070832,23.233615064988,32.48589335714679,33.05716089647816,27.28197979927063,0.8587635979056358,0.9429841786623,0.1936866827309131,57.669226,9958b2bcc4,a7a2254,4.630676832265558,6.698904028970826,9.02379176117354,12.16621567051378,4.03153294302231,5.626795905901666,7.650614100472548,10.144213589588713,11.568359210123669,10.328418998746704,19.580792536842058,18.56701687403192,2d32247a64,ebe32e1,4.697784027234599,7.389996588606815,10.62857924368054,13.97447971201202,4.410514877780323,6.463823073104488,9.127102387585516,12.351928087840482,13.450588930984845,11.898188868308791,21.737506479061626,20.68789810765688,9.785448970718345,13.75055027640904,19.15954223022251,25.67817908703002,9.53499732223017,13.648234234296883,19.211758565401894,25.381929099836,23.78412730070832,23.233615064987994,32.48589335714679,33.05716089647816
data/video/waterloo4k/ref/16.mp4,data/video/waterloo4k/dist/VP9_16_1080p_3.mp4,78.02,VP9,3,all,11.707077031369026,16.262224089197346,21.48271229361493,11.908146424336062,16.80696820433589,21.816087925022096,19.327992468882982,19.21691081853352,26.928816030648285,27.803197372220563,28.849427700042725,0.8891748115420341,0.9584046825766565,0.1616401690989732,60.630977,9958b2bcc4,a7a2254,3.744611444854117,5.496585739878657,7.500131256226535,10.289524957203303,3.380661930553204,4.771380966383867,6.556959410943945,8.805986093718504,9.8499488809876,8.87316295254802,16.987206694124872,16.425907993621447,2d32247a64,ebe32e1,3.893357998386621,6.206341618133451,9.03727637260941,12.02363468278654,3.757332610578876,5.5664310709082025,7.933207334858889,10.850356010889657,11.628354644763151,10.370233199055034,18.989584125707808,18.35247231441229,8.13045142765643,11.529298984295398,16.030565927644954,21.395150307138277,8.055000010513504,11.626777554043025,16.41500353578128,21.602789084185872,19.327992468882982,19.21691081853352,26.928816030648285,27.803197372220563
data/video/waterloo4k/ref/16.mp4,data/video/waterloo4k/dist/VP9_16_1080p_4.mp4,83.47,VP9,4,all,10.01155424187537,13.837367392630815,18.207662620965287,10.314147910030442,14.552356641856573,18.799101661970955,16.139291388781057,16.1928949976195,22.70479796534144,23.696814162769723,30.25434279441833,0.911715902388096,0.9685398563742638,0.1369134075939655,63.058041,9958b2bcc4,a7a2254,3.06634904358586,4.561111709283894,6.302788014592984,8.792657088285667,2.826427108111547,4.056243979944779,5.65479223950694,7.694118999739959,8.486239289937078,7.682247445361779,14.875703746913702,14.64909672995786,2d32247a64,ebe32e1,3.258688500178512,5.252473157825905,7.752856189722001,10.448928150164718,3.185024796393868,4.794964139484047,6.941195663495024,9.613560603925665,10.1619899082145,9.114138108778103,16.729757289824633,16.416514297526994,6.9004997376518675,9.820538186671794,13.632967727782988,18.129026610244715,6.9263158463874905,10.036552620118071,14.199243197623383,18.61343280614453,16.139291388781057,16.1928949976195,22.704797965341438,23.696814162769723
data/video/waterloo4k/ref/17.mp4,data/video/waterloo4k/dist/VP9_17_1080p_1.mp4,30.43,VP9,1,all,12.276037104782056,17.78350290195571,23.74829946754289,13.20991253161873,19.004568353862982,25.315890162875363,22.72853232482522,25.900490409302733,30.40861340518628,35.23820352329029,29.16592812538147,0.8540599420666695,0.9530021473765372,0.1717717070132494,79.728919,9958b2bcc4,a7a2254,4.318434322540132,6.1820574627429865,8.75648242062013,12.344606471226346,3.776615155397064,5.285088808654264,7.107544514519688,9.665965109612394,13.979531720658825,11.602410261731428,20.78415259261056,19.517351207026728,2d32247a64,ebe32e1,4.566736527532747,7.6133260006320915,11.114171147710392,14.562692076108045,4.238101333104288,6.220296734481108,9.00932845819144,12.54034793717854,16.435737080190247,13.96341427616042,22.74288913138523,21.955398257245925,8.49974132593028,12.196298758528654,17.57918909539655,23.634745046242383,9.230542053887277,13.07734318701366,18.63653401891127,25.006984040332753,22.72853232482522,25.900490409302733,30.408613405186273,35.23820352329029
data/video/waterloo4k/ref/17.mp4,data/video/waterloo4k/dist/VP9_17_1080p_2.mp4,62.09,VP9,2,all,9.297766788570184,13.271951377797985,17.457298169215548,10.53782991591974,15.087386027666527,19.706153582413588,15.745297168823786,18.838473414715,22.124295843093726,26.60214972162986,32.17176914215088,0.916352815926075,0.9764178320765496,0.1169542102143168,89.325534,9958b2bcc4,a7a2254,2.812462287226132,4.134709418648629,5.986509096979048,8.786126218502652,2.6472553214133985,3.763037017822661,5.126398500506816,7.169215355346799,10.408851550364918,8.590056912430153,16.161898837374927,15.516213028474285,2d32247a64,ebe32e1,3.0258220761453147,5.210861274127405,7.913668201863134,10.877508772940969,3.049288395431545,4.54658024936971,6.680300857313237,9.704148881982473,12.621790185177288,10.87825945535756,17.88856674415008,17.675865633431176,6.211974972619845,9.162304643783575,13.084131973739243,17.372110689186943,7.136819138261944,10.326228396147565,14.730638436791976,19.479780914359267,15.745297168823786,18.838473414715,22.124295843093726,26.60214972162986
data/video/waterloo4k/ref/17.mp4,data/video/waterloo4k/dist/VP9_17_1080p_3.mp4,76.87,VP9,3,all,8.10391033587697,11.4773308773954,14.917999882851612,9.351337885887906,13.361985907376043,17.251074826575856,12.762127811635391,15.728745909193668,18.57196101798264,22.789515875594947,33.62779998779297,0.9367116466164588,0.9831851571798323,0.0956411221995949,91.727281,9958b2bcc4,a7a2254,2.276694262428324,3.369835062744954,4.924946531983419,7.378536249419018,2.190088198706029,3.129077311398558,4.289412312234872,6.107094927052351,8.921507285001123,7.296236684191344,14.207066558718497,13.702684523702937,2d32247a64,ebe32e1,2.499908028341354,4.290108794564555,6.674065080811797,9.337917587155175,2.594992742068922,3.849026353757236,5.719699864115969,8.468619342091648,10.984205350474676,9.51909415110711,15.813711308459188,15.75274398152232,5.402372943526226,7.9529355369439,11.294251829903468,14.850834169945232,6.288182963597123,9.145700203195274,13.015689991654776,17.071418974258634,12.762127811635393,15.728745909193668,18.57196101798264,22.789515875594947
data/video/waterloo4k/ref/17.mp4,data/video/waterloo4k/dist/VP9_17_1080p_4.mp4,81.37,VP9,4,all,7.215742368144209,10.17787928414939,13.13923243924116,8.420646280598596,12.02002241726021,15.332288388568244,11.12605387807223,13.18935760865662,16.38418280856025,19.66396802501391,34.77641677856445,0.9489097446203232,0.9869520291686058,0.0829877275973558,92.980555,9958b2bcc4,a7a2254,1.9451013396837795,2.887666920795523,4.232286564627271,6.432916583594441,1.9230963927438816,2.756474513470425,3.7843757824696143,5.433987370815772,7.914555375171218,6.45036156993812,12.78942147265562,12.4425054091583,2d32247a64,ebe32e1,2.1635183483392195,3.7328930871247663,5.858372126903485,8.279415661606944,2.3077844792384385,3.4311822227913145,5.110142524769624,7.638875406041432,9.84911231867529,8.584712044313953,14.276878038317625,14.358227506495917,4.748341095006314,7.063718403732226,10.007871533829473,13.083793259492023,5.634797464740253,8.221104389819269,11.676626277602903,15.167477317077566,11.12605387807223,13.189357608656621,16.38418280856025,19.66396802501391
data/video/waterloo4k/ref/18.mp4,data/video/waterloo4k/dist/VP9_18_1080p_1.mp4,46.53,VP9,1,all,14.301184766547443,20.39261759525919,27.05866720003204,15.69060093601116,22.40301430720492,29.417428919036126,25.02752109141457,28.05943121835957,34.940090240379455,39.460999368888345,27.781241178512573,0.7574880570173264,0.9080317318439484,0.2158425934612751,66.220356,9958b2bcc4,a7a2254,5.774316021431941,7.779420078306656,10.389242438784612,14.46052215161046,4.947403849746416,6.848788005224204,8.984277582055066,11.868114844547929,16.38951352899289,14.105321832154257,24.281581095791,22.854567026707628,2d32247a64,ebe32e1,5.412917309150406,8.64271238750761,12.818510106677005,17.047348393511406,5.400466581779631,7.677032850109008,10.915996186339264,14.97450155406191,19.0490388963206,16.534453631459044,26.443174794738574,25.436805359449743,9.825577301070732,14.072493668455,20.081676504507524,26.910626169643194,10.605290071728032,15.29555423945754,21.837395918564795,29.048757540318835,25.02752109141457,28.05943121835957,34.940090240379455,39.460999368888345
data/video/waterloo4k/ref/18.mp4,data/video/waterloo4k/dist/VP9_18_1080p_2.mp4,76.16,VP9,2,all,10.955425592231522,15.256310329919632,19.72746053030165,12.22508407283028,17.35183945065096,22.31534804004171,17.154129925696914,19.338756206324803,24.85643938475379,28.480376866451014,30.41427707672119,0.8511568456888199,0.9489527121186256,0.1506332475692033,79.841666,9958b2bcc4,a7a2254,3.9327181738482975,5.438700992764103,7.352634980053229,10.423424464031628,3.50254138573559,4.921987937963618,6.615188945369869,8.926444331608412,12.08529477916414,10.413986171434107,18.575122792799466,17.99142749951929,2d32247a64,ebe32e1,3.967599461708336,6.289099784408842,9.308778672136388,12.617306848676046,3.9587318403853153,5.78187378276053,8.263563594951712,11.581443362569823,14.327684634897237,12.685440046581554,20.354097187258137,20.2366140886802,7.374843046166943,10.69277841601079,14.98421716059987,19.633247926242383,8.1331648956378,11.84220062830935,16.86787925527921,22.071419617558046,17.154129925696914,19.338756206324803,24.85643938475379,28.480376866451014
data/video/waterloo4k/ref/18.mp4,data/video/waterloo4k/dist/VP9_18_1080p_3.mp4,79.53,VP9,3,all,9.6104388384698,13.259310420245638,17.002656841230564,10.798669867374455,15.355413661441665,19.5394269992366,14.431459558682777,16.32963019191157,21.180067801218414,24.43189192714409,31.54809832572937,0.8825569823384285,0.9612490087747574,0.1271299440413713,84.770215,9958b2bcc4,a7a2254,3.2184453746011497,4.58090184334279,6.26050859109816,8.927020832022505,2.9028007999726047,4.162591312884646,5.668691114563533,7.753218997506985,10.418184647899414,8.960263693369292,16.26307058660157,15.964087654804096,2d32247a64,ebe32e1,3.3421218954801595,5.344058713863105,7.966062533909644,10.931455195198458,3.3438671305453567,4.970266914338511,7.168857080778986,10.177145300175116,12.474045166902664,11.116788769861149,17.873426354771034,18.020588861766,6.427556070493447,9.34030445068282,13.012992088841369,16.918225797516186,7.136066175168948,10.428007000469028,14.898459263962211,19.337840322250504,14.431459558682777,16.32963019191157,21.180067801218414,24.431891927144086
data/video/waterloo4k/ref/18.mp4,data/video/waterloo4k/dist/VP9_18_1080p_4.mp4,82.07,VP9,4,all,8.340591661565991,11.497225177862106,14.651872318649811,9.454438072625152,13.45673756936436,17.009284737701584,12.288435059648968,13.7683347358021,18.09226327431045,20.94685095743413,32.54478168487549,0.9054580256342888,0.9707170203328132,0.1075997436419129,88.583816,9958b2bcc4,a7a2254,2.611247903851316,3.8139796278098914,5.298003467544279,7.636389434036012,2.3878750349247584,3.4768710138825054,4.809181258058774,6.677173127886295,8.899116041454617,7.613670656238279,14.208980750643867,14.106645660192452,2d32247a64,ebe32e1,2.8014295139013807,4.545641899040759,6.833584695550335,9.442667828301344,2.813906286246932,4.228458042942052,6.163232938500006,8.889458765862148,10.798290551849542,9.645062530457263,15.662939412863263,15.965016385818805,5.572556930292257,8.112277766447447,11.272017740477983,14.585467583841192,6.234696841238429,9.130321988698404,13.039343353775767,16.838324074519704,12.288435059648968,13.768334735802101,18.092263274310454,20.946850957434126
data/video/waterloo4k/ref/19.mp4,data/video/waterloo4k/dist/VP9_19_1080p_1.mp4,55.85,VP9,1,all,19.05015869875508,26.812251447757124,33.86412070709423,17.14863903996033,24.6224975863566,31.567148481946383,29.260336329312626,27.22300474984096,42.53664999041681,41.36533005302276,26.40008354187012,0.8587589636445045,0.9594192132353784,0.1727595757693052,76.41845,9958b2bcc4,a7a2254,3.61344800409659,5.296844999965456,7.523952922020739,11.283926944716594,3.0305095830154394,4.369391825057942,5.776581812633602,8.059132604662773,15.057509929280664,10.293988438284224,23.755704014100832,18.73683192389881,2d32247a64,ebe32e1,4.131533001023376,6.890692297505216,10.781181666945471,15.19797534508606,3.5893395436120072,5.242527889564997,7.792462095842155,11.459958565788527,19.621345325507438,14.167325165347842,27.874464089754543,22.745317752788,12.307864173276064,18.672469815153075,26.284195198566156,33.72998199200029,10.951530656130137,16.57151468494196,23.858270026240785,31.27364913255116,29.260336329312626,27.223004749840957,42.53664999041681,41.36533005302276
data/video/waterloo4k/ref/19.mp4,data/video/waterloo4k/dist/VP9_19_1080p_2.mp4,71.26,VP9,2,all,13.045681799503296,18.212917539356788,22.956663519844927,12.272223613499666,17.33063320378868,22.027493983211524,19.27592812763849,18.198459901727944,28.61649419354508,28.30956207594248,29.57274007797241,0.9285627380013466,0.9797841608524324,0.1191598232835531,86.782367,9958b2bcc4,a7a2254,2.245547730793717,3.3661250321217087,4.942578323739302,7.535864781379431,2.02111482052608,2.928465199122245,3.979472865894429,5.672593525753975,10.011447695941229,7.041657370687214,16.651269794421133,13.619009118243255,2d32247a64,ebe32e1,2.7225899818269723,4.581153050498829,7.187321967532268,10.3613682090854,2.401962647021359,3.6490321522239935,5.494667329029271,8.284305052172375,13.43854437029846,10.017589501404023,19.77141877551352,16.745745730671235,8.427132347413922,12.721186299096608,17.854264082878412,22.858014747475355,7.79447331257401,11.791015908085035,16.778356888792636,21.80670403805715,19.27592812763849,18.198459901727944,28.61649419354508,28.30956207594248
data/video/waterloo4k/ref/19.mp4,data/video/waterloo4k/dist/VP9_19_1080p_3.mp4,86.56,VP9,3,all,10.840420786302378,15.105063232471355,19.07243303497955,10.342509077149764,14.550590065333765,18.476441461598125,15.964263106488916,15.195455155279117,23.78694636010835,23.709308901415994,30.84620690345764,0.9463167935609818,0.985048606991768,0.098498105071485,89.458701,9958b2bcc4,a7a2254,1.90654860174606,2.825727679625741,4.156411576536348,6.414545205987815,1.725070248085656,2.483674796414905,3.384343318491523,4.896201686664591,8.672604586866012,6.137262506027126,14.365296912040968,11.922547447668505,2d32247a64,ebe32e1,2.2913622646746807,3.8532241270211047,6.108088814064101,8.919144541642197,2.0441369897717867,3.0711418080166317,4.741748544402851,7.283153072398992,11.682659595198569,8.864852261675763,17.136101069208422,14.742180642842536,7.129338967764056,10.58247036056279,14.81721865666706,18.98530301310115,6.731612769705504,9.95788651957671,14.109999667139949,18.29613771590097,15.964263106488916,15.195455155279115,23.78694636010835,23.709308901415994
data/video/waterloo4k/ref/19.mp4,data/video/waterloo4k/dist/VP9_19_1080p_4.mp4,88.76,VP9,4,all,9.29191279976268,12.908583090729916,16.334211728097575,8.950887084132807,12.533408647338002,15.942281865827036,13.594455323610957,12.903085242090295,20.37507198765681,20.323173840679907,31.81252598762512,0.9575251936912536,0.9884526506066322,0.0858187265694141,91.164967,9958b2bcc4,a7a2254,1.6589244266723964,2.464994507545558,3.581669729911047,5.562227349617837,1.5095750409601432,2.168303297194244,2.973188896430827,4.323843342682519,7.709859879008365,5.395735664907503,12.860999819331475,10.723347781591274,2d32247a64,ebe32e1,1.9911215005781977,3.3589420305731195,5.365178827609932,7.913750599987807,1.7852916457502157,2.748483760025876,4.247086157191393,6.608033569419236,10.538145665924006,8.043024152775201,15.459545194245369,13.396330607168975,6.0967272405741975,9.055568991171992,12.647060269826657,16.261245651015813,5.826669035572091,8.606981862184355,12.153062574167905,15.781309101258453,13.594455323610957,12.903085242090297,20.37507198765681,20.323173840679907
data/video/waterloo4k/ref/20.mp4,data/video/waterloo4k/dist/VP9_20_1080p_1.mp4,56.4,VP9,1,all,12.926069655879829,18.471528388101284,24.851363717620977,12.716188214968582,18.43968213632812,24.924632794612823,23.416430959725727,24.825392594935447,32.249821270587894,34.89615877977128,28.488869190216064,0.8286756426095963,0.9533053487539292,0.1717542875558138,65.289888,9958b2bcc4,a7a2254,4.493656084249163,6.184210336275087,8.70979163326841,12.510519636600185,3.5895405870675767,4.922143474704322,6.574266076555087,8.886357629166865,14.126735276839767,10.919473408588622,21.501997123047456,18.759785756105806,2d32247a64,ebe32e1,4.432194439381558,7.453475879910885,11.234373896443572,14.881434098939,3.735660395602155,5.516874306949802,8.182948470793347,11.568047342338083,16.614492207658934,12.965653383008332,23.60483921997416,21.121067290503817,8.878707406888267,12.886861096741004,18.30460466080407,24.73288998510649,8.891668436133063,12.624097810745857,18.09149261255,24.654176651453685,23.416430959725727,24.825392594935447,32.249821270587894,34.89615877977128
data/video/waterloo4k/ref/20.mp4,data/video/waterloo4k/dist/VP9_20_1080p_2.mp4,68.89,VP9,2,all,9.670686861435865,13.637028555409165,18.033195985610657,9.6871310256094,14.119609107855734,18.751983537660216,16.197536994761126,17.313228109865257,23.088884597343867,25.35088356178698,31.324434280395508,0.8981071338057518,0.9761389344930648,0.1187540469691157,72.30201,9958b2bcc4,a7a2254,3.038971720616953,4.207707611941161,6.013198957837914,8.987993337702605,2.6122742153779104,3.602048348778536,4.803232062492378,6.632541898098292,10.474066087701848,8.119283337654515,16.490674360099106,14.752279137860446,2d32247a64,ebe32e1,3.147932972961512,5.318070262681487,8.231240358108053,11.123112164741986,2.7794444942343044,4.126869269411394,6.181076568855043,8.949441255145311,12.574580367198454,9.967880689451894,18.20787286358043,16.731014822616974,6.513902139096677,9.587303058138346,13.473761739084276,17.94846532525102,6.699671142250688,9.605127403768622,13.79500531740214,18.5530042410826,16.197536994761126,17.313228109865257,23.088884597343867,25.35088356178698
data/video/waterloo4k/ref/20.mp4,data/video/waterloo4k/dist/VP9_20_1080p_3.mp4,78.55,VP9,3,all,8.542413499018537,11.927409116246428,15.65070072591896,8.643752375427935,12.577190710399975,16.53036162039123,13.75342898528034,14.592932798716188,19.854370062774585,21.83423412687577,32.52793002128601,0.9212096855044364,0.9825224131345748,0.0999511051923036,74.494211,9958b2bcc4,a7a2254,2.477124195601354,3.467145617499834,5.017580714657576,7.636252308525302,2.211074932666096,3.076959205264033,4.123334635166671,5.743397197327726,9.029450709216396,6.969801203384302,14.47589172357361,13.084419513168402,2d32247a64,ebe32e1,2.6668769087962296,4.510462862737012,7.045432812274067,9.62689324126422,2.3945389416121494,3.5741882823208337,5.386852923873702,7.884531519875029,10.958112334910563,8.722019416600277,16.039715054518624,14.896405822138664,5.7202852825235215,8.435645909930349,11.772662972006529,15.580300075006454,5.985042544749906,8.572062032997579,12.260655459420459,16.35612051726338,13.75342898528034,14.592932798716188,19.854370062774585,21.83423412687577
data/video/waterloo4k/ref/20.mp4,data/video/waterloo4k/dist/VP9_20_1080p_4.mp4,84.06,VP9,4,all,7.610186743080415,10.568001256912352,13.707593895971318,7.795321109022998,11.312014195248492,14.68734487898055,11.849434406930998,12.602601681908066,17.204795208892538,19.01629762862604,33.65938758850098,0.9393332302570344,0.986886203289032,0.0856924196705222,76.241038,9958b2bcc4,a7a2254,2.078149537249957,2.9456645745027554,4.277042158807837,6.567065367560238,1.9174984201825136,2.673647855668555,3.61352300711497,5.080423275179296,7.919007002251159,6.12989249721684,12.795838254635528,11.732838739641908,2d32247a64,ebe32e1,2.3078534896815937,3.898677321646682,6.122364800776264,8.430319266557833,2.118029782306918,3.1754707475545296,4.77954430167662,7.057016522626439,9.682622949364776,7.789001158508144,14.236611283775956,13.393095663217366,5.048606835243528,7.492482932335116,10.414367121872232,13.646246486941859,5.3474299603798086,7.707115671707626,11.015958437370953,14.538345737407523,11.849434406930998,12.602601681908066,17.204795208892538,19.016297628626038
